"ASV","species","genus","family","order","class","phylum","kingdom","seq_percID","diff","taxonomic_level","taxon"
"ASV1","Oncorhynchus_gorbuscha","Oncorhynchus","Salmonidae","Salmoniformes","Actinopteri","Chordata","Eukaryota",100,0,"species","Oncorhynchus_gorbuscha"
"ASV10","Leuroglossus_schmidti","Leuroglossus","Bathylagidae","Argentiniformes","Actinopteri","Chordata","Eukaryota",100,0,"species","Leuroglossus_schmidti"
"ASV11","Sebastes_caurinus","Sebastes","Sebastidae","Perciformes","Actinopteri","Chordata","Eukaryota",100,0,"genus","Sebastes"
"ASV11","Sebastes_maliger","Sebastes","Sebastidae","Perciformes","Actinopteri","Chordata","Eukaryota",100,0,"genus","Sebastes"
"ASV110","Hypomesus_pretiosus","Hypomesus","Osmeridae","Osmeriformes","Actinopteri","Chordata","Eukaryota",100,0,"species","Hypomesus_pretiosus"
"ASV112","Microstomus_pacificus","Microstomus","Pleuronectidae","Pleuronectiformes","Actinopteri","Chordata","Eukaryota",100,0,"species","Microstomus_pacificus"
"ASV113","Glyptocephalus_zachirus","Glyptocephalus","Pleuronectidae","Pleuronectiformes","Actinopteri","Chordata","Eukaryota",99.408,0,"species","Glyptocephalus_zachirus"
"ASV119","Liparis_fucensis","Liparis","Liparidae","Perciformes","Actinopteri","Chordata","Eukaryota",100,0,"species","Liparis_fucensis"
"ASV12","Acipenser_fulvescens","Acipenser","Acipenseridae","Acipenseriformes","Actinopteri","Chordata","Eukaryota",100,0,"species","Acipenser_fulvescens"
"ASV122","Oncorhynchus_kisutch","Oncorhynchus","Salmonidae","Salmoniformes","Actinopteri","Chordata","Eukaryota",100,0,"species","Oncorhynchus_kisutch"
"ASV126","Oncorhynchus_tshawytscha","Oncorhynchus","Salmonidae","Salmoniformes","Actinopteri","Chordata","Eukaryota",100,0,"species","Oncorhynchus_tshawytscha"
"ASV127","Malacocottus_kincaidi","Malacocottus","Psychrolutidae","Perciformes","Actinopteri","Chordata","Eukaryota",100,0,"genus","Malacocottus"
"ASV127","Malacocottus_zonurus","Malacocottus","Psychrolutidae","Perciformes","Actinopteri","Chordata","Eukaryota",100,0,"genus","Malacocottus"
"ASV13","Limanda_aspera","Limanda","Pleuronectidae","Pleuronectiformes","Actinopteri","Chordata","Eukaryota",100,0,"species","Limanda_aspera"
"ASV133","Lepidopsetta_bilineata","Lepidopsetta","Pleuronectidae","Pleuronectiformes","Actinopteri","Chordata","Eukaryota",100,0,"genus","Lepidopsetta"
"ASV133","Lepidopsetta_polyxystra","Lepidopsetta","Pleuronectidae","Pleuronectiformes","Actinopteri","Chordata","Eukaryota",100,0,"genus","Lepidopsetta"
"ASV138","Sebastes_aleutianus","Sebastes","Sebastidae","Perciformes","Actinopteri","Chordata","Eukaryota",99.405,0,"genus","Sebastes"
"ASV138","Sebastes_alutus","Sebastes","Sebastidae","Perciformes","Actinopteri","Chordata","Eukaryota",99.405,0,"genus","Sebastes"
"ASV138","Sebastes_babcocki","Sebastes","Sebastidae","Perciformes","Actinopteri","Chordata","Eukaryota",99.405,0,"genus","Sebastes"
"ASV138","Sebastes_brevispinis","Sebastes","Sebastidae","Perciformes","Actinopteri","Chordata","Eukaryota",99.405,0,"genus","Sebastes"
"ASV138","Sebastes_elongatus","Sebastes","Sebastidae","Perciformes","Actinopteri","Chordata","Eukaryota",99.405,0,"genus","Sebastes"
"ASV138","Sebastes_emphaeus","Sebastes","Sebastidae","Perciformes","Actinopteri","Chordata","Eukaryota",99.405,0,"genus","Sebastes"
"ASV138","Sebastes_flavidus","Sebastes","Sebastidae","Perciformes","Actinopteri","Chordata","Eukaryota",99.405,0,"genus","Sebastes"
"ASV138","Sebastes_helvomaculatus","Sebastes","Sebastidae","Perciformes","Actinopteri","Chordata","Eukaryota",99.405,0,"genus","Sebastes"
"ASV138","Sebastes_melanops","Sebastes","Sebastidae","Perciformes","Actinopteri","Chordata","Eukaryota",99.405,0,"genus","Sebastes"
"ASV138","Sebastes_melanostomus","Sebastes","Sebastidae","Perciformes","Actinopteri","Chordata","Eukaryota",99.405,0,"genus","Sebastes"
"ASV138","Sebastes_miniatus","Sebastes","Sebastidae","Perciformes","Actinopteri","Chordata","Eukaryota",99.405,0,"genus","Sebastes"
"ASV138","Sebastes_paucispinis","Sebastes","Sebastidae","Perciformes","Actinopteri","Chordata","Eukaryota",99.405,0,"genus","Sebastes"
"ASV138","Sebastes_pinniger","Sebastes","Sebastidae","Perciformes","Actinopteri","Chordata","Eukaryota",99.405,0,"genus","Sebastes"
"ASV138","Sebastes_proriger","Sebastes","Sebastidae","Perciformes","Actinopteri","Chordata","Eukaryota",99.405,0,"genus","Sebastes"
"ASV138","Sebastes_rosaceus","Sebastes","Sebastidae","Perciformes","Actinopteri","Chordata","Eukaryota",99.405,0,"genus","Sebastes"
"ASV138","Sebastes_ruberrimus","Sebastes","Sebastidae","Perciformes","Actinopteri","Chordata","Eukaryota",99.405,0,"genus","Sebastes"
"ASV138","Sebastes_variegatus","Sebastes","Sebastidae","Perciformes","Actinopteri","Chordata","Eukaryota",99.405,0,"genus","Sebastes"
"ASV138","Sebastes_wilsoni","Sebastes","Sebastidae","Perciformes","Actinopteri","Chordata","Eukaryota",99.405,0,"genus","Sebastes"
"ASV138","Sebastes_zacentrus","Sebastes","Sebastidae","Perciformes","Actinopteri","Chordata","Eukaryota",99.405,0,"genus","Sebastes"
"ASV143","Gadus_chalcogrammus","Gadus","Gadidae","Gadiformes","Actinopteri","Chordata","Eukaryota",98.817,0,"genus","Gadus"
"ASV143","Gadus_macrocephalus","Gadus","Gadidae","Gadiformes","Actinopteri","Chordata","Eukaryota",98.817,0,"genus","Gadus"
"ASV149","Leuroglossus_schmidti","Leuroglossus","Bathylagidae","Argentiniformes","Actinopteri","Chordata","Eukaryota",99.408,0,"species","Leuroglossus_schmidti"
"ASV15","Leuroglossus_schmidti","Leuroglossus","Bathylagidae","Argentiniformes","Actinopteri","Chordata","Eukaryota",100,0,"species","Leuroglossus_schmidti"
"ASV152","Oncorhynchus_clarkii","Oncorhynchus","Salmonidae","Salmoniformes","Actinopteri","Chordata","Eukaryota",100,0,"genus","Oncorhynchus"
"ASV152","Oncorhynchus_mykiss","Oncorhynchus","Salmonidae","Salmoniformes","Actinopteri","Chordata","Eukaryota",100,0,"genus","Oncorhynchus"
"ASV16","Gadus_chalcogrammus","Gadus","Gadidae","Gadiformes","Actinopteri","Chordata","Eukaryota",100,0,"genus","Gadus"
"ASV16","Gadus_macrocephalus","Gadus","Gadidae","Gadiformes","Actinopteri","Chordata","Eukaryota",100,0,"genus","Gadus"
"ASV164","Mallotus_villosus","Mallotus","Salangidae","Osmeriformes","Actinopteri","Chordata","Eukaryota",99.405,0,"species","Mallotus_villosus"
"ASV167","Hexagrammos_lagocephalus","Hexagrammos","Hexagrammidae","Perciformes","Actinopteri","Chordata","Eukaryota",99.412,0,"genus","Hexagrammos"
"ASV167","Hexagrammos_octogrammus","Hexagrammos","Hexagrammidae","Perciformes","Actinopteri","Chordata","Eukaryota",99.412,0,"genus","Hexagrammos"
"ASV167","Hexagrammos_stelleri","Hexagrammos","Hexagrammidae","Perciformes","Actinopteri","Chordata","Eukaryota",99.412,0,"genus","Hexagrammos"
"ASV168","Hippoglossoides_elassodon","Hippoglossoides","Pleuronectidae","Pleuronectiformes","Actinopteri","Chordata","Eukaryota",99.408,0,"species","Hippoglossoides_elassodon"
"ASV17","Oncorhynchus_nerka","Oncorhynchus","Salmonidae","Salmoniformes","Actinopteri","Chordata","Eukaryota",100,0,"species","Oncorhynchus_nerka"
"ASV170","Blepsias_bilobus","Blepsias","Agonidae","Perciformes","Actinopteri","Chordata","Eukaryota",99.408,0,"species","Blepsias_bilobus"
"ASV171","Atheresthes_evermanni","Atheresthes","Pleuronectidae","Pleuronectiformes","Actinopteri","Chordata","Eukaryota",100,0,"genus","Atheresthes"
"ASV171","Atheresthes_stomias","Atheresthes","Pleuronectidae","Pleuronectiformes","Actinopteri","Chordata","Eukaryota",100,0,"genus","Atheresthes"
"ASV173","Salvelinus_alpinus","Salvelinus","Salmonidae","Salmoniformes","Actinopteri","Chordata","Eukaryota",100,0,"genus","Salvelinus"
"ASV173","Salvelinus_malma","Salvelinus","Salmonidae","Salmoniformes","Actinopteri","Chordata","Eukaryota",100,0,"genus","Salvelinus"
"ASV18","Stichaeus_punctatus","Stichaeus","Stichaeidae","Perciformes","Actinopteri","Chordata","Eukaryota",100,0,"species","Stichaeus_punctatus"
"ASV181","Gadus_chalcogrammus","Gadus","Gadidae","Gadiformes","Actinopteri","Chordata","Eukaryota",99.408,0,"genus","Gadus"
"ASV181","Gadus_macrocephalus","Gadus","Gadidae","Gadiformes","Actinopteri","Chordata","Eukaryota",99.408,0,"genus","Gadus"
"ASV19","Anoplarchus_insignis","Anoplarchus","Stichaeidae","Perciformes","Actinopteri","Chordata","Eukaryota",100,0,"genus","Anoplarchus"
"ASV19","Anoplarchus_purpurescens","Anoplarchus","Stichaeidae","Perciformes","Actinopteri","Chordata","Eukaryota",100,0,"genus","Anoplarchus"
"ASV193","Oncorhynchus_nerka","Oncorhynchus","Salmonidae","Salmoniformes","Actinopteri","Chordata","Eukaryota",99.408,0,"species","Oncorhynchus_nerka"
"ASV195","Enophrys_bison","Enophrys","Cottidae","Perciformes","Actinopteri","Chordata","Eukaryota",100,0,"species","Enophrys_bison"
"ASV2","Clupea_pallasii","Clupea","Clupeidae","Clupeiformes","Actinopteri","Chordata","Eukaryota",100,0,"species","Clupea_pallasii"
"ASV204","Oncorhynchus_tshawytscha","Oncorhynchus","Salmonidae","Salmoniformes","Actinopteri","Chordata","Eukaryota",99.412,0,"species","Oncorhynchus_tshawytscha"
"ASV21","Aptocyclus_ventricosus","Aptocyclus","Cyclopteridae","Perciformes","Actinopteri","Chordata","Eukaryota",100,0,"species","Aptocyclus_ventricosus"
"ASV218","Gadus_chalcogrammus","Gadus","Gadidae","Gadiformes","Actinopteri","Chordata","Eukaryota",97.059,0,"species","Gadus_chalcogrammus"
"ASV219","Hippoglossus_stenolepis","Hippoglossus","Pleuronectidae","Pleuronectiformes","Actinopteri","Chordata","Eukaryota",100,0,"species","Hippoglossus_stenolepis"
"ASV22","Clupea_pallasii","Clupea","Clupeidae","Clupeiformes","Actinopteri","Chordata","Eukaryota",100,0,"species","Clupea_pallasii"
"ASV221","Hexagrammos_lagocephalus","Hexagrammos","Hexagrammidae","Perciformes","Actinopteri","Chordata","Eukaryota",99.412,0,"genus","Hexagrammos"
"ASV221","Hexagrammos_octogrammus","Hexagrammos","Hexagrammidae","Perciformes","Actinopteri","Chordata","Eukaryota",99.412,0,"genus","Hexagrammos"
"ASV221","Hexagrammos_stelleri","Hexagrammos","Hexagrammidae","Perciformes","Actinopteri","Chordata","Eukaryota",99.412,0,"genus","Hexagrammos"
"ASV23","Clupea_pallasii","Clupea","Clupeidae","Clupeiformes","Actinopteri","Chordata","Eukaryota",99.419,0,"species","Clupea_pallasii"
"ASV24","Gadus_chalcogrammus","Gadus","Gadidae","Gadiformes","Actinopteri","Chordata","Eukaryota",99.412,0,"species","Gadus_chalcogrammus"
"ASV245","Clupea_pallasii","Clupea","Clupeidae","Clupeiformes","Actinopteri","Chordata","Eukaryota",97.674,0,"species","Clupea_pallasii"
"ASV248","Oncorhynchus_nerka","Oncorhynchus","Salmonidae","Salmoniformes","Actinopteri","Chordata","Eukaryota",99.408,0,"species","Oncorhynchus_nerka"
"ASV25","Gadus_chalcogrammus","Gadus","Gadidae","Gadiformes","Actinopteri","Chordata","Eukaryota",100,0,"species","Gadus_chalcogrammus"
"ASV253","Gadus_chalcogrammus","Gadus","Gadidae","Gadiformes","Actinopteri","Chordata","Eukaryota",99.408,0,"genus","Gadus"
"ASV253","Gadus_macrocephalus","Gadus","Gadidae","Gadiformes","Actinopteri","Chordata","Eukaryota",99.408,0,"genus","Gadus"
"ASV259","Gadus_chalcogrammus","Gadus","Gadidae","Gadiformes","Actinopteri","Chordata","Eukaryota",99.408,0,"genus","Gadus"
"ASV259","Gadus_macrocephalus","Gadus","Gadidae","Gadiformes","Actinopteri","Chordata","Eukaryota",99.408,0,"genus","Gadus"
"ASV26","Zaprora_silenus","Zaprora","Zaproridae","Perciformes","Actinopteri","Chordata","Eukaryota",100,0,"species","Zaprora_silenus"
"ASV260","Artedius_lateralis","Artedius","Cottidae","Perciformes","Actinopteri","Chordata","Eukaryota",99.415,0,"species","Artedius_lateralis"
"ASV28","Sebastes_ciliatus","Sebastes","Sebastidae","Perciformes","Actinopteri","Chordata","Eukaryota",100,0,"genus","Sebastes"
"ASV28","Sebastes_crameri","Sebastes","Sebastidae","Perciformes","Actinopteri","Chordata","Eukaryota",100,0,"genus","Sebastes"
"ASV28","Sebastes_polyspinis","Sebastes","Sebastidae","Perciformes","Actinopteri","Chordata","Eukaryota",100,0,"genus","Sebastes"
"ASV28","Sebastes_reedi","Sebastes","Sebastidae","Perciformes","Actinopteri","Chordata","Eukaryota",100,0,"genus","Sebastes"
"ASV28","Sebastes_variabilis","Sebastes","Sebastidae","Perciformes","Actinopteri","Chordata","Eukaryota",100,0,"genus","Sebastes"
"ASV287","Alces_alces","Alces","Cervidae","Artiodactyla","Mammalia","Chordata","Eukaryota",100,0,"species","Alces_alces"
"ASV29","Sebastes_babcocki","Sebastes","Sebastidae","Perciformes","Actinopteri","Chordata","Eukaryota",100,0,"species","Sebastes_babcocki"
"ASV291","Lepidopsetta_bilineata","Lepidopsetta","Pleuronectidae","Pleuronectiformes","Actinopteri","Chordata","Eukaryota",99.408,0,"genus","Lepidopsetta"
"ASV291","Lepidopsetta_polyxystra","Lepidopsetta","Pleuronectidae","Pleuronectiformes","Actinopteri","Chordata","Eukaryota",99.408,0,"genus","Lepidopsetta"
"ASV295","Oncorhynchus_kisutch","Oncorhynchus","Salmonidae","Salmoniformes","Actinopteri","Chordata","Eukaryota",99.412,0,"species","Oncorhynchus_kisutch"
"ASV3","Oncorhynchus_keta","Oncorhynchus","Salmonidae","Salmoniformes","Actinopteri","Chordata","Eukaryota",100,0,"species","Oncorhynchus_keta"
"ASV303","Pholis_laeta","Pholis","Pholidae","Perciformes","Actinopteri","Chordata","Eukaryota",99.405,0,"species","Pholis_laeta"
"ASV31","Bathymaster_caeruleofasciatus","Bathymaster","Bathymasteridae","Perciformes","Actinopteri","Chordata","Eukaryota",100,0,"species","Bathymaster_caeruleofasciatus"
"ASV32","Glyptocephalus_zachirus","Glyptocephalus","Pleuronectidae","Pleuronectiformes","Actinopteri","Chordata","Eukaryota",100,0,"species","Glyptocephalus_zachirus"
"ASV321","Ronquilus_jordani","Ronquilus","Bathymasteridae","Perciformes","Actinopteri","Chordata","Eukaryota",98.817,0,"species","Ronquilus_jordani"
"ASV325","Platichthys_stellatus","Platichthys","Pleuronectidae","Pleuronectiformes","Actinopteri","Chordata","Eukaryota",99.408,0,"species","Platichthys_stellatus"
"ASV326","Microgadus_proximus","Microgadus","Gadidae","Gadiformes","Actinopteri","Chordata","Eukaryota",100,0,"species","Microgadus_proximus"
"ASV327","Stenobrachius_leucopsarus","Stenobrachius","Myctophidae","Myctophiformes","Actinopteri","Chordata","Eukaryota",97.674,0,"species","Stenobrachius_leucopsarus"
"ASV334","Gasterosteus_aculeatus","Gasterosteus","Gasterosteidae","Perciformes","Actinopteri","Chordata","Eukaryota",98.225,0,"species","Gasterosteus_aculeatus"
"ASV345","Entosphenus_lethophagus","Entosphenus","Petromyzontidae","Petromyzontiformes","Hyperoartia","Chordata","Eukaryota",100,0,"family","Petromyzontidae"
"ASV345","Entosphenus_minimus","Entosphenus","Petromyzontidae","Petromyzontiformes","Hyperoartia","Chordata","Eukaryota",100,0,"family","Petromyzontidae"
"ASV345","Entosphenus_similis","Entosphenus","Petromyzontidae","Petromyzontiformes","Hyperoartia","Chordata","Eukaryota",100,0,"family","Petromyzontidae"
"ASV345","Entosphenus_tridentatus","Entosphenus","Petromyzontidae","Petromyzontiformes","Hyperoartia","Chordata","Eukaryota",100,0,"family","Petromyzontidae"
"ASV345","Lampetra_ayresii","Lampetra","Petromyzontidae","Petromyzontiformes","Hyperoartia","Chordata","Eukaryota",100,0,"family","Petromyzontidae"
"ASV345","Lampetra_richardsoni","Lampetra","Petromyzontidae","Petromyzontiformes","Hyperoartia","Chordata","Eukaryota",100,0,"family","Petromyzontidae"
"ASV35","Leptocottus_armatus","Leptocottus","Cottidae","Perciformes","Actinopteri","Chordata","Eukaryota",97.633,0,"species","Leptocottus_armatus"
"ASV354","Leptocottus_armatus","Leptocottus","Cottidae","Perciformes","Actinopteri","Chordata","Eukaryota",97.041,0,"species","Leptocottus_armatus"
"ASV36","Poroclinus_rothrocki","Poroclinus","Stichaeidae","Perciformes","Actinopteri","Chordata","Eukaryota",100,0,"species","Poroclinus_rothrocki"
"ASV375","Ronquilus_jordani","Ronquilus","Bathymasteridae","Perciformes","Actinopteri","Chordata","Eukaryota",99.408,0,"species","Ronquilus_jordani"
"ASV379","Gadus_chalcogrammus","Gadus","Gadidae","Gadiformes","Actinopteri","Chordata","Eukaryota",98.824,0,"species","Gadus_chalcogrammus"
"ASV38","Thaleichthys_pacificus","Thaleichthys","Osmeridae","Osmeriformes","Actinopteri","Chordata","Eukaryota",100,0,"species","Thaleichthys_pacificus"
"ASV39","Ammodytes_hexapterus","Ammodytes","Ammodytidae","Uranoscopiformes","Actinopteri","Chordata","Eukaryota",98.817,0,"species","Ammodytes_hexapterus"
"ASV4","Sebastes_borealis","Sebastes","Sebastidae","Perciformes","Actinopteri","Chordata","Eukaryota",100,0,"genus","Sebastes"
"ASV4","Sebastes_saxicola","Sebastes","Sebastidae","Perciformes","Actinopteri","Chordata","Eukaryota",100,0,"genus","Sebastes"
"ASV400","Eudontomyzon_morii","Eudontomyzon","Petromyzontidae","Petromyzontiformes","Hyperoartia","Chordata","Eukaryota",100,0,"family","Petromyzontidae"
"ASV400","Lethenteron_appendix","Lethenteron","Petromyzontidae","Petromyzontiformes","Hyperoartia","Chordata","Eukaryota",100,0,"family","Petromyzontidae"
"ASV400","Lethenteron_camtschaticum","Lethenteron","Petromyzontidae","Petromyzontiformes","Hyperoartia","Chordata","Eukaryota",100,0,"family","Petromyzontidae"
"ASV400","Lethenteron_kessleri","Lethenteron","Petromyzontidae","Petromyzontiformes","Hyperoartia","Chordata","Eukaryota",100,0,"family","Petromyzontidae"
"ASV400","Lethenteron_reissneri","Lethenteron","Petromyzontidae","Petromyzontiformes","Hyperoartia","Chordata","Eukaryota",100,0,"family","Petromyzontidae"
"ASV41","Anoplarchus_purpurescens","Anoplarchus","Stichaeidae","Perciformes","Actinopteri","Chordata","Eukaryota",100,0,"species","Anoplarchus_purpurescens"
"ASV410","Gadus_macrocephalus","Gadus","Gadidae","Gadiformes","Actinopteri","Chordata","Eukaryota",100,0,"species","Gadus_macrocephalus"
"ASV411","Hippoglossus_stenolepis","Hippoglossus","Pleuronectidae","Pleuronectiformes","Actinopteri","Chordata","Eukaryota",99.408,0,"species","Hippoglossus_stenolepis"
"ASV419","Stenobrachius_leucopsarus","Stenobrachius","Myctophidae","Myctophiformes","Actinopteri","Chordata","Eukaryota",99.419,0,"species","Stenobrachius_leucopsarus"
"ASV424","Xiphister_atropurpureus","Xiphister","Stichaeidae","Perciformes","Actinopteri","Chordata","Eukaryota",100,0,"genus","Xiphister"
"ASV424","Xiphister_mucosus","Xiphister","Stichaeidae","Perciformes","Actinopteri","Chordata","Eukaryota",100,0,"genus","Xiphister"
"ASV43","Leuroglossus_schmidti","Leuroglossus","Bathylagidae","Argentiniformes","Actinopteri","Chordata","Eukaryota",99.408,0,"species","Leuroglossus_schmidti"
"ASV45","Mallotus_villosus","Mallotus","Salangidae","Osmeriformes","Actinopteri","Chordata","Eukaryota",100,0,"species","Mallotus_villosus"
"ASV451","Gadus_chalcogrammus","Gadus","Gadidae","Gadiformes","Actinopteri","Chordata","Eukaryota",100,0,"species","Gadus_chalcogrammus"
"ASV452","Ronquilus_jordani","Ronquilus","Bathymasteridae","Perciformes","Actinopteri","Chordata","Eukaryota",99.408,0,"species","Ronquilus_jordani"
"ASV457","Artedius_fenestralis","Artedius","Cottidae","Perciformes","Actinopteri","Chordata","Eukaryota",99.419,0,"species","Artedius_fenestralis"
"ASV46","Clupea_pallasii","Clupea","Clupeidae","Clupeiformes","Actinopteri","Chordata","Eukaryota",99.419,0,"species","Clupea_pallasii"
"ASV461","Gadus_chalcogrammus","Gadus","Gadidae","Gadiformes","Actinopteri","Chordata","Eukaryota",98.824,0,"species","Gadus_chalcogrammus"
"ASV462","Anoplarchus_insignis","Anoplarchus","Stichaeidae","Perciformes","Actinopteri","Chordata","Eukaryota",99.408,0,"genus","Anoplarchus"
"ASV462","Anoplarchus_purpurescens","Anoplarchus","Stichaeidae","Perciformes","Actinopteri","Chordata","Eukaryota",99.408,0,"genus","Anoplarchus"
"ASV47","Citharichthys_stigmaeus","Citharichthys","Cyclopsettidae","Pleuronectiformes","Actinopteri","Chordata","Eukaryota",100,0,"species","Citharichthys_stigmaeus"
"ASV472","Hippoglossoides_elassodon","Hippoglossoides","Pleuronectidae","Pleuronectiformes","Actinopteri","Chordata","Eukaryota",99.408,0,"species","Hippoglossoides_elassodon"
"ASV478","Sebastes_aleutianus","Sebastes","Sebastidae","Perciformes","Actinopteri","Chordata","Eukaryota",99.405,0,"genus","Sebastes"
"ASV478","Sebastes_alutus","Sebastes","Sebastidae","Perciformes","Actinopteri","Chordata","Eukaryota",99.405,0,"genus","Sebastes"
"ASV478","Sebastes_babcocki","Sebastes","Sebastidae","Perciformes","Actinopteri","Chordata","Eukaryota",99.405,0,"genus","Sebastes"
"ASV478","Sebastes_brevispinis","Sebastes","Sebastidae","Perciformes","Actinopteri","Chordata","Eukaryota",99.405,0,"genus","Sebastes"
"ASV478","Sebastes_elongatus","Sebastes","Sebastidae","Perciformes","Actinopteri","Chordata","Eukaryota",99.405,0,"genus","Sebastes"
"ASV478","Sebastes_emphaeus","Sebastes","Sebastidae","Perciformes","Actinopteri","Chordata","Eukaryota",99.405,0,"genus","Sebastes"
"ASV478","Sebastes_flavidus","Sebastes","Sebastidae","Perciformes","Actinopteri","Chordata","Eukaryota",99.405,0,"genus","Sebastes"
"ASV478","Sebastes_helvomaculatus","Sebastes","Sebastidae","Perciformes","Actinopteri","Chordata","Eukaryota",99.405,0,"genus","Sebastes"
"ASV478","Sebastes_melanops","Sebastes","Sebastidae","Perciformes","Actinopteri","Chordata","Eukaryota",99.405,0,"genus","Sebastes"
"ASV478","Sebastes_miniatus","Sebastes","Sebastidae","Perciformes","Actinopteri","Chordata","Eukaryota",99.405,0,"genus","Sebastes"
"ASV478","Sebastes_pinniger","Sebastes","Sebastidae","Perciformes","Actinopteri","Chordata","Eukaryota",99.405,0,"genus","Sebastes"
"ASV478","Sebastes_proriger","Sebastes","Sebastidae","Perciformes","Actinopteri","Chordata","Eukaryota",99.405,0,"genus","Sebastes"
"ASV478","Sebastes_rosaceus","Sebastes","Sebastidae","Perciformes","Actinopteri","Chordata","Eukaryota",99.405,0,"genus","Sebastes"
"ASV478","Sebastes_ruberrimus","Sebastes","Sebastidae","Perciformes","Actinopteri","Chordata","Eukaryota",99.405,0,"genus","Sebastes"
"ASV478","Sebastes_variegatus","Sebastes","Sebastidae","Perciformes","Actinopteri","Chordata","Eukaryota",99.405,0,"genus","Sebastes"
"ASV478","Sebastes_wilsoni","Sebastes","Sebastidae","Perciformes","Actinopteri","Chordata","Eukaryota",99.405,0,"genus","Sebastes"
"ASV478","Sebastes_zacentrus","Sebastes","Sebastidae","Perciformes","Actinopteri","Chordata","Eukaryota",99.405,0,"genus","Sebastes"
"ASV48","Clupea_pallasii","Clupea","Clupeidae","Clupeiformes","Actinopteri","Chordata","Eukaryota",99.419,0,"species","Clupea_pallasii"
"ASV49","Bathymaster_leurolepis","Bathymaster","Bathymasteridae","Perciformes","Actinopteri","Chordata","Eukaryota",100,0,"genus","Bathymaster"
"ASV49","Bathymaster_signatus","Bathymaster","Bathymasteridae","Perciformes","Actinopteri","Chordata","Eukaryota",100,0,"genus","Bathymaster"
"ASV495","Cymatogaster_aggregata","Cymatogaster","Embiotocidae","order","Actinopteri","Chordata","Eukaryota",99.405,0,"species","Cymatogaster_aggregata"
"ASV498","Stenobrachius_leucopsarus","Stenobrachius","Myctophidae","Myctophiformes","Actinopteri","Chordata","Eukaryota",99.419,0,"species","Stenobrachius_leucopsarus"
"ASV499","Ronquilus_jordani","Ronquilus","Bathymasteridae","Perciformes","Actinopteri","Chordata","Eukaryota",99.408,0,"species","Ronquilus_jordani"
"ASV5","Clupea_pallasii","Clupea","Clupeidae","Clupeiformes","Actinopteri","Chordata","Eukaryota",99.419,0,"species","Clupea_pallasii"
"ASV52","Platichthys_stellatus","Platichthys","Pleuronectidae","Pleuronectiformes","Actinopteri","Chordata","Eukaryota",100,0,"species","Platichthys_stellatus"
"ASV539","Thaleichthys_pacificus","Thaleichthys","Osmeridae","Osmeriformes","Actinopteri","Chordata","Eukaryota",99.405,0,"species","Thaleichthys_pacificus"
"ASV54","Artedius_harringtoni","Artedius","Cottidae","Perciformes","Actinopteri","Chordata","Eukaryota",100,0,"species","Artedius_harringtoni"
"ASV550","Clupea_pallasii","Clupea","Clupeidae","Clupeiformes","Actinopteri","Chordata","Eukaryota",99.419,0,"species","Clupea_pallasii"
"ASV56","Clupea_pallasii","Clupea","Clupeidae","Clupeiformes","Actinopteri","Chordata","Eukaryota",99.419,0,"species","Clupea_pallasii"
"ASV57","Gadus_chalcogrammus","Gadus","Gadidae","Gadiformes","Actinopteri","Chordata","Eukaryota",99.412,0,"genus","Gadus"
"ASV57","Gadus_macrocephalus","Gadus","Gadidae","Gadiformes","Actinopteri","Chordata","Eukaryota",99.412,0,"genus","Gadus"
"ASV574","Bathymaster_leurolepis","Bathymaster","Bathymasteridae","Perciformes","Actinopteri","Chordata","Eukaryota",98.81,0,"genus","Bathymaster"
"ASV574","Bathymaster_signatus","Bathymaster","Bathymasteridae","Perciformes","Actinopteri","Chordata","Eukaryota",98.81,0,"genus","Bathymaster"
"ASV59","Xiphister_atropurpureus","Xiphister","Stichaeidae","Perciformes","Actinopteri","Chordata","Eukaryota",99.408,0,"genus","Xiphister"
"ASV59","Xiphister_mucosus","Xiphister","Stichaeidae","Perciformes","Actinopteri","Chordata","Eukaryota",99.408,0,"genus","Xiphister"
"ASV591","Stichaeus_punctatus","Stichaeus","Stichaeidae","Perciformes","Actinopteri","Chordata","Eukaryota",99.408,0,"species","Stichaeus_punctatus"
"ASV592","Isopsetta_isolepis","Isopsetta","Pleuronectidae","Pleuronectiformes","Actinopteri","Chordata","Eukaryota",100,0,"family","Pleuronectidae"
"ASV592","Parophrys_vetulus","Parophrys","Pleuronectidae","Pleuronectiformes","Actinopteri","Chordata","Eukaryota",100,0,"family","Pleuronectidae"
"ASV592","Psettichthys_melanostictus","Psettichthys","Pleuronectidae","Pleuronectiformes","Actinopteri","Chordata","Eukaryota",100,0,"family","Pleuronectidae"
"ASV6","Sebastes_aleutianus","Sebastes","Sebastidae","Perciformes","Actinopteri","Chordata","Eukaryota",100,0,"genus","Sebastes"
"ASV6","Sebastes_alutus","Sebastes","Sebastidae","Perciformes","Actinopteri","Chordata","Eukaryota",100,0,"genus","Sebastes"
"ASV6","Sebastes_babcocki","Sebastes","Sebastidae","Perciformes","Actinopteri","Chordata","Eukaryota",100,0,"genus","Sebastes"
"ASV6","Sebastes_brevispinis","Sebastes","Sebastidae","Perciformes","Actinopteri","Chordata","Eukaryota",100,0,"genus","Sebastes"
"ASV6","Sebastes_elongatus","Sebastes","Sebastidae","Perciformes","Actinopteri","Chordata","Eukaryota",100,0,"genus","Sebastes"
"ASV6","Sebastes_emphaeus","Sebastes","Sebastidae","Perciformes","Actinopteri","Chordata","Eukaryota",100,0,"genus","Sebastes"
"ASV6","Sebastes_flavidus","Sebastes","Sebastidae","Perciformes","Actinopteri","Chordata","Eukaryota",100,0,"genus","Sebastes"
"ASV6","Sebastes_helvomaculatus","Sebastes","Sebastidae","Perciformes","Actinopteri","Chordata","Eukaryota",100,0,"genus","Sebastes"
"ASV6","Sebastes_melanops","Sebastes","Sebastidae","Perciformes","Actinopteri","Chordata","Eukaryota",100,0,"genus","Sebastes"
"ASV6","Sebastes_miniatus","Sebastes","Sebastidae","Perciformes","Actinopteri","Chordata","Eukaryota",100,0,"genus","Sebastes"
"ASV6","Sebastes_pinniger","Sebastes","Sebastidae","Perciformes","Actinopteri","Chordata","Eukaryota",100,0,"genus","Sebastes"
"ASV6","Sebastes_proriger","Sebastes","Sebastidae","Perciformes","Actinopteri","Chordata","Eukaryota",100,0,"genus","Sebastes"
"ASV6","Sebastes_rosaceus","Sebastes","Sebastidae","Perciformes","Actinopteri","Chordata","Eukaryota",100,0,"genus","Sebastes"
"ASV6","Sebastes_ruberrimus","Sebastes","Sebastidae","Perciformes","Actinopteri","Chordata","Eukaryota",100,0,"genus","Sebastes"
"ASV6","Sebastes_variegatus","Sebastes","Sebastidae","Perciformes","Actinopteri","Chordata","Eukaryota",100,0,"genus","Sebastes"
"ASV6","Sebastes_wilsoni","Sebastes","Sebastidae","Perciformes","Actinopteri","Chordata","Eukaryota",100,0,"genus","Sebastes"
"ASV6","Sebastes_zacentrus","Sebastes","Sebastidae","Perciformes","Actinopteri","Chordata","Eukaryota",100,0,"genus","Sebastes"
"ASV606","Homo_sapiens","Homo","Hominidae","Primates","Mammalia","Chordata","Eukaryota",100,0,"species","Homo_sapiens"
"ASV612","Gadus_chalcogrammus","Gadus","Gadidae","Gadiformes","Actinopteri","Chordata","Eukaryota",99.408,0,"genus","Gadus"
"ASV612","Gadus_macrocephalus","Gadus","Gadidae","Gadiformes","Actinopteri","Chordata","Eukaryota",99.408,0,"genus","Gadus"
"ASV617","Leptocottus_armatus","Leptocottus","Cottidae","Perciformes","Actinopteri","Chordata","Eukaryota",100,0,"species","Leptocottus_armatus"
"ASV618","Leptoclinus_maculatus","Leptoclinus","Stichaeidae","Perciformes","Actinopteri","Chordata","Eukaryota",100,0,"species","Leptoclinus_maculatus"
"ASV621","Sebastes_aleutianus","Sebastes","Sebastidae","Perciformes","Actinopteri","Chordata","Eukaryota",99.405,0,"genus","Sebastes"
"ASV621","Sebastes_alutus","Sebastes","Sebastidae","Perciformes","Actinopteri","Chordata","Eukaryota",99.405,0,"genus","Sebastes"
"ASV621","Sebastes_babcocki","Sebastes","Sebastidae","Perciformes","Actinopteri","Chordata","Eukaryota",99.405,0,"genus","Sebastes"
"ASV621","Sebastes_brevispinis","Sebastes","Sebastidae","Perciformes","Actinopteri","Chordata","Eukaryota",99.405,0,"genus","Sebastes"
"ASV621","Sebastes_elongatus","Sebastes","Sebastidae","Perciformes","Actinopteri","Chordata","Eukaryota",99.405,0,"genus","Sebastes"
"ASV621","Sebastes_emphaeus","Sebastes","Sebastidae","Perciformes","Actinopteri","Chordata","Eukaryota",99.405,0,"genus","Sebastes"
"ASV621","Sebastes_flavidus","Sebastes","Sebastidae","Perciformes","Actinopteri","Chordata","Eukaryota",99.405,0,"genus","Sebastes"
"ASV621","Sebastes_helvomaculatus","Sebastes","Sebastidae","Perciformes","Actinopteri","Chordata","Eukaryota",99.405,0,"genus","Sebastes"
"ASV621","Sebastes_melanops","Sebastes","Sebastidae","Perciformes","Actinopteri","Chordata","Eukaryota",99.405,0,"genus","Sebastes"
"ASV621","Sebastes_miniatus","Sebastes","Sebastidae","Perciformes","Actinopteri","Chordata","Eukaryota",99.405,0,"genus","Sebastes"
"ASV621","Sebastes_pinniger","Sebastes","Sebastidae","Perciformes","Actinopteri","Chordata","Eukaryota",99.405,0,"genus","Sebastes"
"ASV621","Sebastes_proriger","Sebastes","Sebastidae","Perciformes","Actinopteri","Chordata","Eukaryota",99.405,0,"genus","Sebastes"
"ASV621","Sebastes_rosaceus","Sebastes","Sebastidae","Perciformes","Actinopteri","Chordata","Eukaryota",99.405,0,"genus","Sebastes"
"ASV621","Sebastes_ruberrimus","Sebastes","Sebastidae","Perciformes","Actinopteri","Chordata","Eukaryota",99.405,0,"genus","Sebastes"
"ASV621","Sebastes_variegatus","Sebastes","Sebastidae","Perciformes","Actinopteri","Chordata","Eukaryota",99.405,0,"genus","Sebastes"
"ASV621","Sebastes_wilsoni","Sebastes","Sebastidae","Perciformes","Actinopteri","Chordata","Eukaryota",99.405,0,"genus","Sebastes"
"ASV621","Sebastes_zacentrus","Sebastes","Sebastidae","Perciformes","Actinopteri","Chordata","Eukaryota",99.405,0,"genus","Sebastes"
"ASV622","Hemilepidotus_hemilepidotus","Hemilepidotus","Cottidae","Perciformes","Actinopteri","Chordata","Eukaryota",100,0,"species","Hemilepidotus_hemilepidotus"
"ASV63","Ronquilus_jordani","Ronquilus","Bathymasteridae","Perciformes","Actinopteri","Chordata","Eukaryota",100,0,"species","Ronquilus_jordani"
"ASV637","Bison_bonasus","Bison","Bovidae","Artiodactyla","Mammalia","Chordata","Eukaryota",100,0,"family","Bovidae"
"ASV637","Bos_indicus","Bos","Bovidae","Artiodactyla","Mammalia","Chordata","Eukaryota",100,0,"family","Bovidae"
"ASV637","Bos_javanicus","Bos","Bovidae","Artiodactyla","Mammalia","Chordata","Eukaryota",100,0,"family","Bovidae"
"ASV637","Bos_primigenius","Bos","Bovidae","Artiodactyla","Mammalia","Chordata","Eukaryota",100,0,"family","Bovidae"
"ASV637","Bos_taurus","Bos","Bovidae","Artiodactyla","Mammalia","Chordata","Eukaryota",100,0,"family","Bovidae"
"ASV649","Anoplopoma_fimbria","Anoplopoma","Anoplopomatidae","Perciformes","Actinopteri","Chordata","Eukaryota",99.405,0,"species","Anoplopoma_fimbria"
"ASV65","Liparis_greeni","Polypera","Liparidae","Perciformes","Actinopteri","Chordata","Eukaryota",98.824,0,"species","Liparis_greeni"
"ASV650","Sebastes_caurinus","Sebastes","Sebastidae","Perciformes","Actinopteri","Chordata","Eukaryota",99.405,0,"genus","Sebastes"
"ASV650","Sebastes_maliger","Sebastes","Sebastidae","Perciformes","Actinopteri","Chordata","Eukaryota",99.405,0,"genus","Sebastes"
"ASV657","Aptocyclus_ventricosus","Aptocyclus","Cyclopteridae","Perciformes","Actinopteri","Chordata","Eukaryota",99.412,0,"species","Aptocyclus_ventricosus"
"ASV66","Cryptacanthodes_aleutensis","Cryptacanthodes","Cryptacanthodidae","Perciformes","Actinopteri","Chordata","Eukaryota",100,0,"species","Cryptacanthodes_aleutensis"
"ASV672","Clinocottus_acuticeps","Clinocottus","Cottidae","Perciformes","Actinopteri","Chordata","Eukaryota",99.412,0,"species","Clinocottus_acuticeps"
"ASV676","Artedius_lateralis","Artedius","Cottidae","Perciformes","Actinopteri","Chordata","Eukaryota",100,0,"species","Artedius_lateralis"
"ASV679","Leptocottus_armatus","Leptocottus","Cottidae","Perciformes","Actinopteri","Chordata","Eukaryota",97.633,0,"species","Leptocottus_armatus"
"ASV68","Sus_scrofa","Sus","Suidae","Artiodactyla","Mammalia","Chordata","Eukaryota",100,0,"species","Sus_scrofa"
"ASV681","Gadus_chalcogrammus","Gadus","Gadidae","Gadiformes","Actinopteri","Chordata","Eukaryota",99.408,0,"genus","Gadus"
"ASV681","Gadus_macrocephalus","Gadus","Gadidae","Gadiformes","Actinopteri","Chordata","Eukaryota",99.408,0,"genus","Gadus"
"ASV688","Pholis_laeta","Pholis","Pholidae","Perciformes","Actinopteri","Chordata","Eukaryota",99.405,0,"species","Pholis_laeta"
"ASV689","Lycodes_brevipes","Lycodes","Zoarcidae","Perciformes","Actinopteri","Chordata","Eukaryota",100,0,"species","Lycodes_brevipes"
"ASV694","Myoxocephalus_jaok","Myoxocephalus","Cottidae","Perciformes","Actinopteri","Chordata","Eukaryota",99.408,0,"genus","Myoxocephalus"
"ASV694","Myoxocephalus_polyacanthocephalus","Myoxocephalus","Cottidae","Perciformes","Actinopteri","Chordata","Eukaryota",99.408,0,"genus","Myoxocephalus"
"ASV7","Gadus_chalcogrammus","Gadus","Gadidae","Gadiformes","Actinopteri","Chordata","Eukaryota",100,0,"species","Gadus_chalcogrammus"
"ASV702","Ammodytes_hexapterus","Ammodytes","Ammodytidae","Uranoscopiformes","Actinopteri","Chordata","Eukaryota",100,0,"species","Ammodytes_hexapterus"
"ASV703","Pusa_hispida","Pusa","Phocidae","Carnivora","Mammalia","Chordata","Eukaryota",100,0,"species","Pusa_hispida"
"ASV704","Acipenser_fulvescens","Acipenser","Acipenseridae","Acipenseriformes","Actinopteri","Chordata","Eukaryota",99.444,0,"species","Acipenser_fulvescens"
"ASV715","Gadus_chalcogrammus","Gadus","Gadidae","Gadiformes","Actinopteri","Chordata","Eukaryota",99.412,0,"species","Gadus_chalcogrammus"
"ASV719","Anoplarchus_purpurescens","Anoplarchus","Stichaeidae","Perciformes","Actinopteri","Chordata","Eukaryota",97.633,0,"species","Anoplarchus_purpurescens"
"ASV722","Hexagrammos_lagocephalus","Hexagrammos","Hexagrammidae","Perciformes","Actinopteri","Chordata","Eukaryota",99.412,0,"genus","Hexagrammos"
"ASV722","Hexagrammos_octogrammus","Hexagrammos","Hexagrammidae","Perciformes","Actinopteri","Chordata","Eukaryota",99.412,0,"genus","Hexagrammos"
"ASV722","Hexagrammos_stelleri","Hexagrammos","Hexagrammidae","Perciformes","Actinopteri","Chordata","Eukaryota",99.412,0,"genus","Hexagrammos"
"ASV724","Ammodytes_hexapterus","Ammodytes","Ammodytidae","Uranoscopiformes","Actinopteri","Chordata","Eukaryota",96.45,0,"species","Ammodytes_hexapterus"
"ASV73","Glyptocephalus_zachirus","Glyptocephalus","Pleuronectidae","Pleuronectiformes","Actinopteri","Chordata","Eukaryota",100,0,"species","Glyptocephalus_zachirus"
"ASV74","Lumpenella_longirostris","Lumpenella","Stichaeidae","Perciformes","Actinopteri","Chordata","Eukaryota",100,0,"species","Lumpenella_longirostris"
"ASV75","Sebastolobus_alascanus","Sebastolobus","Sebastidae","Perciformes","Actinopteri","Chordata","Eukaryota",100,0,"genus","Sebastolobus"
"ASV75","Sebastolobus_altivelis","Sebastolobus","Sebastidae","Perciformes","Actinopteri","Chordata","Eukaryota",100,0,"genus","Sebastolobus"
"ASV753","Oncorhynchus_gorbuscha","Oncorhynchus","Salmonidae","Salmoniformes","Actinopteri","Chordata","Eukaryota",97.647,0,"species","Oncorhynchus_gorbuscha"
"ASV76","Oncorhynchus_keta","Oncorhynchus","Salmonidae","Salmoniformes","Actinopteri","Chordata","Eukaryota",99.412,0,"genus","Oncorhynchus"
"ASV76","Oncorhynchus_nerka","Oncorhynchus","Salmonidae","Salmoniformes","Actinopteri","Chordata","Eukaryota",99.412,0,"genus","Oncorhynchus"
"ASV79","Gasterosteus_aculeatus","Gasterosteus","Gasterosteidae","Perciformes","Actinopteri","Chordata","Eukaryota",100,0,"species","Gasterosteus_aculeatus"
"ASV8","Oncorhynchus_gorbuscha","Oncorhynchus","Salmonidae","Salmoniformes","Actinopteri","Chordata","Eukaryota",99.412,0,"genus","Oncorhynchus"
"ASV8","Oncorhynchus_nerka","Oncorhynchus","Salmonidae","Salmoniformes","Actinopteri","Chordata","Eukaryota",99.408,0.00400000000000489,"genus","Oncorhynchus"
"ASV81","Hemilepidotus_jordani","Hemilepidotus","Cottidae","Perciformes","Actinopteri","Chordata","Eukaryota",100,0,"species","Hemilepidotus_jordani"
"ASV82","Hexagrammos_lagocephalus","Hexagrammos","Hexagrammidae","Perciformes","Actinopteri","Chordata","Eukaryota",100,0,"genus","Hexagrammos"
"ASV82","Hexagrammos_octogrammus","Hexagrammos","Hexagrammidae","Perciformes","Actinopteri","Chordata","Eukaryota",100,0,"genus","Hexagrammos"
"ASV82","Hexagrammos_stelleri","Hexagrammos","Hexagrammidae","Perciformes","Actinopteri","Chordata","Eukaryota",100,0,"genus","Hexagrammos"
"ASV86","Gadus_chalcogrammus","Gadus","Gadidae","Gadiformes","Actinopteri","Chordata","Eukaryota",97.647,0,"species","Gadus_chalcogrammus"
"ASV87","Pholis_laeta","Pholis","Pholidae","Perciformes","Actinopteri","Chordata","Eukaryota",100,0,"species","Pholis_laeta"
"ASV88","Citharichthys_stigmaeus","Citharichthys","Cyclopsettidae","Pleuronectiformes","Actinopteri","Chordata","Eukaryota",100,0,"species","Citharichthys_stigmaeus"
"ASV89","Sebastes_borealis","Sebastes","Sebastidae","Perciformes","Actinopteri","Chordata","Eukaryota",99.405,0,"genus","Sebastes"
"ASV89","Sebastes_saxicola","Sebastes","Sebastidae","Perciformes","Actinopteri","Chordata","Eukaryota",99.405,0,"genus","Sebastes"
"ASV9","Hippoglossoides_elassodon","Hippoglossoides","Pleuronectidae","Pleuronectiformes","Actinopteri","Chordata","Eukaryota",100,0,"species","Hippoglossoides_elassodon"
"ASV97","Lepidopsetta_bilineata","Lepidopsetta","Pleuronectidae","Pleuronectiformes","Actinopteri","Chordata","Eukaryota",99.408,0,"genus","Lepidopsetta"
"ASV97","Lepidopsetta_polyxystra","Lepidopsetta","Pleuronectidae","Pleuronectiformes","Actinopteri","Chordata","Eukaryota",99.408,0,"genus","Lepidopsetta"
