"","total","spread","parent_id","curated","rank"
"ASV2",2313068,269,"ASV2","parent",2
"ASV1",2350882,233,"ASV1","parent",1
"ASV4",280508,123,"ASV4","parent",4
"ASV6",157699,108,"ASV6","parent",6
"ASV14",51804,74,"ASV2","merged",14
"ASV7",132910,71,"ASV7","parent",7
"ASV11",65026,61,"ASV11","parent",11
"ASV42",4716,54,"ASV2","merged",41
"ASV5",255867,49,"ASV5","parent",5
"ASV33",6411,47,"ASV2","merged",33
"ASV34",5700,47,"ASV2","merged",34
"ASV9",87022,44,"ASV9","parent",9
"ASV13",54344,37,"ASV13","parent",13
"ASV27",12296,34,"ASV1","merged",27
"ASV10",75405,31,"ASV10","parent",10
"ASV37",5096,26,"ASV5","merged",37
"ASV3",309491,25,"ASV3","parent",3
"ASV16",38753,24,"ASV16","parent",16
"ASV8",91091,21,"ASV8","parent",8
"ASV15",39192,18,"ASV15","parent",15
"ASV98",832,17,"ASV2","merged",98
"ASV96",882,16,"ASV5","merged",96
"ASV19",28767,15,"ASV19","parent",19
"ASV31",7713,15,"ASV31","parent",31
"ASV494",25,14,"ASV1","merged",486
"ASV40",4746,13,"ASV4","merged",40
"ASV29",7885,12,"ASV29","parent",29
"ASV153",357,12,"ASV5","merged",153
"ASV12",54871,11,"ASV12","parent",12
"ASV17",38175,11,"ASV17","parent",17
"ASV30",7822,11,"ASV2","merged",30
"ASV63",2078,11,"ASV63","parent",63
"ASV72",1690,11,"ASV2","merged",72
"ASV76",1593,11,"ASV76","parent",76
"ASV86",1072,10,"ASV86","parent",86
"ASV134",424,10,"ASV1","merged",134
"ASV28",10518,9,"ASV28","parent",28
"ASV35",5564,9,"ASV35","parent",35
"ASV39",4939,9,"ASV39","parent",39
"ASV55",2724,9,"ASV2","merged",55
"ASV85",1090,9,"ASV4","merged",85
"ASV316",70,9,"ASV316","parent",316
"ASV18",29518,8,"ASV18","parent",18
"ASV25",12902,8,"ASV25","parent",25
"ASV53",2858,8,"ASV7","merged",53
"ASV80",1434,8,"ASV3","merged",80
"ASV38",4999,7,"ASV38","parent",38
"ASV45",3718,7,"ASV45","parent",45
"ASV62",2146,7,"ASV9","merged",62
"ASV69",1764,7,"ASV3","merged",69
"ASV46",3620,6,"ASV46","parent",46
"ASV52",2933,6,"ASV52","parent",52
"ASV79",1480,6,"ASV79","parent",79
"ASV20",21016,5,"ASV7","merged",20
"ASV22",16842,5,"ASV22","parent",22
"ASV49",3366,5,"ASV49","parent",49
"ASV54",2774,5,"ASV54","parent",54
"ASV68",1787,5,"ASV68","parent",68
"ASV74",1676,5,"ASV74","parent",74
"ASV82",1208,5,"ASV82","parent",82
"ASV94",902,5,"ASV6","merged",94
"ASV133",435,5,"ASV133","parent",133
"ASV448",33,5,"ASV448","parent",446
"ASV481",27,5,"ASV481","parent",479
"ASV504",23,5,"ASV504","parent",500
"ASV21",19606,4,"ASV21","parent",21
"ASV23",16036,4,"ASV23","parent",23
"ASV87",1046,4,"ASV87","parent",87
"ASV90",936,4,"ASV10","merged",90
"ASV103",715,4,"ASV103","parent",103
"ASV126",486,4,"ASV126","parent",125
"ASV188",209,4,"ASV188","parent",188
"ASV606",13,4,"ASV606","parent",603
"ASV26",12832,3,"ASV26","parent",26
"ASV32",6417,3,"ASV32","parent",32
"ASV47",3599,3,"ASV47","parent",47
"ASV48",3588,3,"ASV48","parent",48
"ASV57",2575,3,"ASV57","parent",57
"ASV66",1941,3,"ASV66","parent",66
"ASV77",1532,3,"ASV77","parent",77
"ASV88",1026,3,"ASV88","parent",88
"ASV91",925,3,"ASV18","merged",91
"ASV105",686,3,"ASV8","merged",104
"ASV106",685,3,"ASV2","merged",106
"ASV122",516,3,"ASV122","parent",122
"ASV128",471,3,"ASV17","merged",128
"ASV152",358,3,"ASV152","parent",152
"ASV179",246,3,"ASV5","merged",179
"ASV321",68,3,"ASV321","parent",320
"ASV623",12,3,"ASV1","merged",616
"ASV24",13623,2,"ASV24","parent",24
"ASV36",5144,2,"ASV36","parent",36
"ASV43",4613,2,"ASV43","parent",43
"ASV44",4017,2,"ASV2","merged",44
"ASV51",3162,2,"ASV2","merged",51
"ASV58",2564,2,"ASV2","merged",58
"ASV59",2226,2,"ASV59","parent",59
"ASV60",2207,2,"ASV4","merged",60
"ASV64",2012,2,"ASV1","merged",64
"ASV65",1948,2,"ASV65","parent",65
"ASV70",1728,2,"ASV1","merged",70
"ASV93",913,2,"ASV2","merged",93
"ASV112",603,2,"ASV112","parent",112
"ASV114",576,2,"ASV114","parent",114
"ASV115",570,2,"ASV10","merged",115
"ASV119",534,2,"ASV119","parent",119
"ASV120",523,2,"ASV21","merged",120
"ASV129",463,2,"ASV2","merged",129
"ASV139",388,2,"ASV139","parent",139
"ASV150",359,2,"ASV5","merged",150
"ASV157",319,2,"ASV2","merged",157
"ASV164",292,2,"ASV164","parent",164
"ASV165",286,2,"ASV3","merged",165
"ASV168",278,2,"ASV168","parent",168
"ASV173",267,2,"ASV173","parent",173
"ASV176",253,2,"ASV7","merged",176
"ASV204",174,2,"ASV204","parent",204
"ASV220",148,2,"ASV6","merged",220
"ASV260",111,2,"ASV260","parent",260
"ASV392",47,2,"ASV2","merged",390
"ASV410",40,2,"ASV410","parent",407
"ASV424",38,2,"ASV424","parent",422
"ASV668",8,2,"ASV668","parent",664
"ASV731",2,2,"ASV731","parent",716
"ASV41",4716,1,"ASV41","parent",42
"ASV50",3272,1,"ASV1","merged",50
"ASV56",2714,1,"ASV56","parent",56
"ASV61",2160,1,"ASV2","merged",61
"ASV67",1818,1,"ASV2","merged",67
"ASV71",1713,1,"ASV2","merged",71
"ASV73",1688,1,"ASV73","parent",73
"ASV75",1597,1,"ASV75","parent",75
"ASV78",1530,1,"ASV15","merged",78
"ASV81",1269,1,"ASV81","parent",81
"ASV83",1107,1,"ASV4","merged",83
"ASV84",1103,1,"ASV2","merged",84
"ASV89",1020,1,"ASV89","parent",89
"ASV92",914,1,"ASV16","merged",92
"ASV95",902,1,"ASV35","merged",95
"ASV97",875,1,"ASV97","parent",97
"ASV99",791,1,"ASV2","merged",99
"ASV100",789,1,"ASV100","parent",100
"ASV101",729,1,"ASV101","parent",101
"ASV102",725,1,"ASV97","merged",102
"ASV104",686,1,"ASV2","merged",105
"ASV107",661,1,"ASV2","merged",107
"ASV108",655,1,"ASV15","merged",108
"ASV109",653,1,"ASV4","merged",109
"ASV110",635,1,"ASV110","parent",110
"ASV111",631,1,"ASV7","merged",111
"ASV113",586,1,"ASV113","parent",113
"ASV116",568,1,"ASV1","merged",116
"ASV117",546,1,"ASV4","merged",117
"ASV118",544,1,"ASV118","parent",118
"ASV121",519,1,"ASV2","merged",121
"ASV123",512,1,"ASV12","merged",123
"ASV124",497,1,"ASV124","parent",124
"ASV125",486,1,"ASV2","merged",126
"ASV127",476,1,"ASV127","parent",127
"ASV130",463,1,"ASV2","merged",130
"ASV131",450,1,"ASV24","merged",131
"ASV132",437,1,"ASV132","parent",132
"ASV135",423,1,"ASV2","merged",135
"ASV136",416,1,"ASV2","merged",136
"ASV137",409,1,"ASV137","parent",137
"ASV138",395,1,"ASV138","parent",138
"ASV140",387,1,"ASV4","merged",140
"ASV141",387,1,"ASV5","merged",141
"ASV142",385,1,"ASV2","merged",142
"ASV143",372,1,"ASV143","parent",143
"ASV144",371,1,"ASV144","parent",144
"ASV145",370,1,"ASV2","merged",145
"ASV146",369,1,"ASV1","merged",146
"ASV147",364,1,"ASV26","merged",147
"ASV148",364,1,"ASV148","parent",148
"ASV149",364,1,"ASV149","parent",149
"ASV151",359,1,"ASV2","merged",151
"ASV154",340,1,"ASV1","merged",154
"ASV155",337,1,"ASV1","merged",155
"ASV156",320,1,"ASV1","merged",156
"ASV158",317,1,"ASV158","parent",158
"ASV159",311,1,"ASV82","merged",159
"ASV160",310,1,"ASV160","parent",160
"ASV161",306,1,"ASV15","merged",161
"ASV162",304,1,"ASV15","merged",162
"ASV163",303,1,"ASV63","merged",163
"ASV166",285,1,"ASV1","merged",166
"ASV167",283,1,"ASV167","parent",167
"ASV169",276,1,"ASV16","merged",169
"ASV170",275,1,"ASV170","parent",170
"ASV171",272,1,"ASV171","parent",171
"ASV172",271,1,"ASV172","parent",172
"ASV174",262,1,"ASV10","merged",174
"ASV175",258,1,"ASV2","merged",175
"ASV177",248,1,"ASV177","parent",177
"ASV178",247,1,"ASV4","merged",178
"ASV180",235,1,"ASV180","parent",180
"ASV181",235,1,"ASV181","parent",181
"ASV182",229,1,"ASV1","merged",182
"ASV183",224,1,"ASV122","merged",183
"ASV184",224,1,"ASV7","merged",184
"ASV185",224,1,"ASV185","parent",185
"ASV186",220,1,"ASV9","merged",186
"ASV187",213,1,"ASV23","merged",187
"ASV189",205,1,"ASV79","merged",189
"ASV190",203,1,"ASV38","merged",190
"ASV191",201,1,"ASV45","merged",191
"ASV192",196,1,"ASV192","parent",192
"ASV193",195,1,"ASV193","parent",193
"ASV194",192,1,"ASV9","merged",194
"ASV195",186,1,"ASV195","parent",195
"ASV196",186,1,"ASV196","parent",196
"ASV197",185,1,"ASV197","parent",197
"ASV198",183,1,"ASV9","merged",198
"ASV199",182,1,"ASV38","merged",199
"ASV200",177,1,"ASV200","parent",200
"ASV201",177,1,"ASV89","merged",201
"ASV202",177,1,"ASV2","merged",202
"ASV203",176,1,"ASV203","parent",203
"ASV205",174,1,"ASV38","merged",205
"ASV206",171,1,"ASV16","merged",206
"ASV207",171,1,"ASV193","merged",207
"ASV208",171,1,"ASV208","parent",208
"ASV209",170,1,"ASV9","merged",209
"ASV210",166,1,"ASV9","merged",210
"ASV211",165,1,"ASV211","parent",211
"ASV212",162,1,"ASV1","merged",212
"ASV213",159,1,"ASV213","parent",213
"ASV214",159,1,"ASV214","parent",214
"ASV215",156,1,"ASV215","parent",215
"ASV216",156,1,"ASV216","parent",216
"ASV217",151,1,"ASV39","merged",217
"ASV218",149,1,"ASV218","parent",218
"ASV219",149,1,"ASV219","parent",219
"ASV221",148,1,"ASV221","parent",221
"ASV222",146,1,"ASV7","merged",222
"ASV223",146,1,"ASV2","merged",223
"ASV224",144,1,"ASV38","merged",224
"ASV225",141,1,"ASV2","merged",225
"ASV226",140,1,"ASV35","merged",226
"ASV227",140,1,"ASV7","merged",227
"ASV228",139,1,"ASV228","parent",228
"ASV229",138,1,"ASV229","parent",229
"ASV230",138,1,"ASV230","parent",230
"ASV231",137,1,"ASV2","merged",231
"ASV232",137,1,"ASV232","parent",232
"ASV233",136,1,"ASV38","merged",233
"ASV234",135,1,"ASV2","merged",234
"ASV235",133,1,"ASV235","parent",235
"ASV236",130,1,"ASV18","merged",236
"ASV237",129,1,"ASV237","parent",237
"ASV238",129,1,"ASV238","parent",238
"ASV239",127,1,"ASV7","merged",239
"ASV240",126,1,"ASV31","merged",240
"ASV241",126,1,"ASV241","parent",241
"ASV242",125,1,"ASV35","merged",242
"ASV243",125,1,"ASV4","merged",243
"ASV244",124,1,"ASV4","merged",244
"ASV245",124,1,"ASV245","parent",245
"ASV246",122,1,"ASV38","merged",246
"ASV247",120,1,"ASV19","merged",247
"ASV248",119,1,"ASV248","parent",248
"ASV249",118,1,"ASV249","parent",249
"ASV250",117,1,"ASV9","merged",250
"ASV251",115,1,"ASV2","merged",251
"ASV252",115,1,"ASV252","parent",252
"ASV253",115,1,"ASV253","parent",253
"ASV254",114,1,"ASV254","parent",254
"ASV255",114,1,"ASV255","parent",255
"ASV256",114,1,"ASV10","merged",256
"ASV257",114,1,"ASV257","parent",257
"ASV258",112,1,"ASV258","parent",258
"ASV259",112,1,"ASV259","parent",259
"ASV261",111,1,"ASV248","merged",261
"ASV262",110,1,"ASV262","parent",262
"ASV263",109,1,"ASV263","parent",263
"ASV264",109,1,"ASV7","merged",264
"ASV265",108,1,"ASV265","parent",265
"ASV266",108,1,"ASV266","parent",266
"ASV267",107,1,"ASV2","merged",267
"ASV268",107,1,"ASV268","parent",268
"ASV269",106,1,"ASV26","merged",269
"ASV270",106,1,"ASV270","parent",270
"ASV271",106,1,"ASV7","merged",271
"ASV272",104,1,"ASV35","merged",272
"ASV273",104,1,"ASV32","merged",273
"ASV274",100,1,"ASV274","parent",274
"ASV275",100,1,"ASV275","parent",275
"ASV276",99,1,"ASV276","parent",276
"ASV277",99,1,"ASV277","parent",277
"ASV278",99,1,"ASV1","merged",278
"ASV279",97,1,"ASV279","parent",279
"ASV280",96,1,"ASV280","parent",280
"ASV281",96,1,"ASV281","parent",281
"ASV282",95,1,"ASV4","merged",282
"ASV283",92,1,"ASV22","merged",283
"ASV284",92,1,"ASV10","merged",284
"ASV285",91,1,"ASV12","merged",285
"ASV286",90,1,"ASV286","parent",286
"ASV287",90,1,"ASV287","parent",287
"ASV288",90,1,"ASV1","merged",288
"ASV289",88,1,"ASV31","merged",289
"ASV290",88,1,"ASV2","merged",290
"ASV291",87,1,"ASV291","parent",291
"ASV292",87,1,"ASV292","parent",292
"ASV293",87,1,"ASV293","parent",293
"ASV294",86,1,"ASV294","parent",294
"ASV295",86,1,"ASV295","parent",295
"ASV296",85,1,"ASV296","parent",296
"ASV297",84,1,"ASV297","parent",297
"ASV298",84,1,"ASV287","merged",298
"ASV299",83,1,"ASV7","merged",299
"ASV300",82,1,"ASV300","parent",300
"ASV301",82,1,"ASV4","merged",301
"ASV302",80,1,"ASV13","merged",302
"ASV303",78,1,"ASV303","parent",303
"ASV304",77,1,"ASV304","parent",304
"ASV305",77,1,"ASV305","parent",305
"ASV306",76,1,"ASV306","parent",306
"ASV307",75,1,"ASV10","merged",307
"ASV308",75,1,"ASV308","parent",308
"ASV309",74,1,"ASV4","merged",309
"ASV310",73,1,"ASV310","parent",310
"ASV311",72,1,"ASV311","parent",311
"ASV312",72,1,"ASV312","parent",312
"ASV313",72,1,"ASV9","merged",313
"ASV314",71,1,"ASV314","parent",314
"ASV315",71,1,"ASV315","parent",315
"ASV317",70,1,"ASV35","merged",317
"ASV318",69,1,"ASV79","merged",318
"ASV319",69,1,"ASV319","parent",319
"ASV320",68,1,"ASV320","parent",321
"ASV322",67,1,"ASV322","parent",322
"ASV323",67,1,"ASV323","parent",323
"ASV324",67,1,"ASV324","parent",324
"ASV325",67,1,"ASV325","parent",325
"ASV326",67,1,"ASV326","parent",326
"ASV327",66,1,"ASV327","parent",327
"ASV328",66,1,"ASV328","parent",328
"ASV329",66,1,"ASV329","parent",329
"ASV330",66,1,"ASV330","parent",330
"ASV331",66,1,"ASV331","parent",331
"ASV332",66,1,"ASV124","merged",332
"ASV333",65,1,"ASV333","parent",333
"ASV334",65,1,"ASV334","parent",334
"ASV335",64,1,"ASV335","parent",335
"ASV336",64,1,"ASV31","merged",336
"ASV337",64,1,"ASV82","merged",337
"ASV338",64,1,"ASV10","merged",338
"ASV339",63,1,"ASV339","parent",339
"ASV340",63,1,"ASV340","parent",340
"ASV341",62,1,"ASV341","parent",341
"ASV342",62,1,"ASV342","parent",342
"ASV343",62,1,"ASV343","parent",343
"ASV344",62,1,"ASV35","merged",344
"ASV345",62,1,"ASV345","parent",345
"ASV346",60,1,"ASV2","merged",346
"ASV347",59,1,"ASV291","merged",347
"ASV348",59,1,"ASV348","parent",348
"ASV349",59,1,"ASV349","parent",349
"ASV350",58,1,"ASV350","parent",350
"ASV351",58,1,"ASV351","parent",351
"ASV352",58,1,"ASV352","parent",352
"ASV353",58,1,"ASV353","parent",353
"ASV354",57,1,"ASV354","parent",354
"ASV355",57,1,"ASV355","parent",355
"ASV356",57,1,"ASV356","parent",356
"ASV357",57,1,"ASV357","parent",357
"ASV358",57,1,"ASV9","merged",358
"ASV359",56,1,"ASV359","parent",359
"ASV360",56,1,"ASV360","parent",360
"ASV361",55,1,"ASV361","parent",361
"ASV362",55,1,"ASV362","parent",362
"ASV363",55,1,"ASV363","parent",363
"ASV364",55,1,"ASV2","merged",364
"ASV365",54,1,"ASV365","parent",365
"ASV366",54,1,"ASV366","parent",366
"ASV367",54,1,"ASV367","parent",367
"ASV368",53,1,"ASV368","parent",368
"ASV369",53,1,"ASV369","parent",369
"ASV370",52,1,"ASV370","parent",370
"ASV371",52,1,"ASV371","parent",371
"ASV372",52,1,"ASV52","merged",372
"ASV373",52,1,"ASV122","merged",373
"ASV374",51,1,"ASV63","merged",374
"ASV375",50,1,"ASV375","parent",375
"ASV376",49,1,"ASV376","parent",376
"ASV377",49,1,"ASV377","parent",377
"ASV378",49,1,"ASV378","parent",378
"ASV379",49,1,"ASV379","parent",379
"ASV380",49,1,"ASV380","parent",380
"ASV381",49,1,"ASV35","merged",381
"ASV382",48,1,"ASV382","parent",382
"ASV383",48,1,"ASV383","parent",383
"ASV384",48,1,"ASV384","parent",384
"ASV385",48,1,"ASV385","parent",385
"ASV386",48,1,"ASV386","parent",386
"ASV387",48,1,"ASV387","parent",387
"ASV388",48,1,"ASV2","merged",388
"ASV389",48,1,"ASV369","merged",389
"ASV390",47,1,"ASV390","parent",391
"ASV391",47,1,"ASV391","parent",392
"ASV393",47,1,"ASV393","parent",393
"ASV394",47,1,"ASV394","parent",394
"ASV395",46,1,"ASV395","parent",395
"ASV396",46,1,"ASV396","parent",396
"ASV397",45,1,"ASV397","parent",397
"ASV398",45,1,"ASV398","parent",398
"ASV399",45,1,"ASV399","parent",399
"ASV400",45,1,"ASV400","parent",400
"ASV401",44,1,"ASV401","parent",401
"ASV402",44,1,"ASV402","parent",402
"ASV403",41,1,"ASV403","parent",403
"ASV404",41,1,"ASV404","parent",404
"ASV405",41,1,"ASV405","parent",405
"ASV406",41,1,"ASV2","merged",406
"ASV407",40,1,"ASV407","parent",408
"ASV408",40,1,"ASV408","parent",409
"ASV409",40,1,"ASV409","parent",410
"ASV411",40,1,"ASV411","parent",411
"ASV412",40,1,"ASV122","merged",412
"ASV413",39,1,"ASV413","parent",413
"ASV414",39,1,"ASV414","parent",414
"ASV415",39,1,"ASV415","parent",415
"ASV416",39,1,"ASV416","parent",416
"ASV417",39,1,"ASV417","parent",417
"ASV418",39,1,"ASV418","parent",418
"ASV419",39,1,"ASV419","parent",419
"ASV420",39,1,"ASV420","parent",420
"ASV421",39,1,"ASV2","merged",421
"ASV422",38,1,"ASV422","parent",423
"ASV423",38,1,"ASV423","parent",424
"ASV425",38,1,"ASV425","parent",425
"ASV426",38,1,"ASV8","merged",426
"ASV427",38,1,"ASV369","merged",427
"ASV428",37,1,"ASV428","parent",428
"ASV429",37,1,"ASV429","parent",429
"ASV430",37,1,"ASV430","parent",430
"ASV431",37,1,"ASV431","parent",431
"ASV432",37,1,"ASV432","parent",432
"ASV433",37,1,"ASV433","parent",433
"ASV434",37,1,"ASV434","parent",434
"ASV435",36,1,"ASV435","parent",435
"ASV436",36,1,"ASV436","parent",436
"ASV437",36,1,"ASV437","parent",437
"ASV438",36,1,"ASV438","parent",438
"ASV439",35,1,"ASV439","parent",439
"ASV440",35,1,"ASV440","parent",440
"ASV441",35,1,"ASV79","merged",441
"ASV442",34,1,"ASV442","parent",442
"ASV443",34,1,"ASV443","parent",443
"ASV444",34,1,"ASV444","parent",444
"ASV445",34,1,"ASV369","merged",445
"ASV446",33,1,"ASV446","parent",447
"ASV447",33,1,"ASV447","parent",448
"ASV449",33,1,"ASV449","parent",449
"ASV450",33,1,"ASV450","parent",450
"ASV451",33,1,"ASV451","parent",451
"ASV452",33,1,"ASV452","parent",452
"ASV453",33,1,"ASV2","merged",453
"ASV454",32,1,"ASV454","parent",454
"ASV455",32,1,"ASV455","parent",455
"ASV456",32,1,"ASV456","parent",456
"ASV457",32,1,"ASV457","parent",457
"ASV458",31,1,"ASV458","parent",458
"ASV459",31,1,"ASV459","parent",459
"ASV460",31,1,"ASV460","parent",460
"ASV461",31,1,"ASV461","parent",461
"ASV462",31,1,"ASV462","parent",462
"ASV463",30,1,"ASV463","parent",463
"ASV464",30,1,"ASV464","parent",464
"ASV465",30,1,"ASV465","parent",465
"ASV466",29,1,"ASV466","parent",466
"ASV467",29,1,"ASV467","parent",467
"ASV468",29,1,"ASV468","parent",468
"ASV469",29,1,"ASV469","parent",469
"ASV470",29,1,"ASV470","parent",470
"ASV471",29,1,"ASV471","parent",471
"ASV472",29,1,"ASV472","parent",472
"ASV473",29,1,"ASV473","parent",473
"ASV474",28,1,"ASV474","parent",474
"ASV475",28,1,"ASV475","parent",475
"ASV476",28,1,"ASV476","parent",476
"ASV477",28,1,"ASV2","merged",477
"ASV478",28,1,"ASV478","parent",478
"ASV479",27,1,"ASV479","parent",480
"ASV480",27,1,"ASV480","parent",481
"ASV482",27,1,"ASV482","parent",482
"ASV483",26,1,"ASV483","parent",483
"ASV484",26,1,"ASV484","parent",484
"ASV485",26,1,"ASV485","parent",485
"ASV486",25,1,"ASV486","parent",487
"ASV487",25,1,"ASV487","parent",488
"ASV488",25,1,"ASV488","parent",489
"ASV489",25,1,"ASV489","parent",490
"ASV490",25,1,"ASV490","parent",491
"ASV491",25,1,"ASV491","parent",492
"ASV492",25,1,"ASV492","parent",493
"ASV493",25,1,"ASV493","parent",494
"ASV495",25,1,"ASV495","parent",495
"ASV496",24,1,"ASV496","parent",496
"ASV497",24,1,"ASV497","parent",497
"ASV498",24,1,"ASV498","parent",498
"ASV499",24,1,"ASV499","parent",499
"ASV500",23,1,"ASV500","parent",501
"ASV501",23,1,"ASV501","parent",502
"ASV502",23,1,"ASV502","parent",503
"ASV503",23,1,"ASV503","parent",504
"ASV505",23,1,"ASV505","parent",505
"ASV506",23,1,"ASV506","parent",506
"ASV507",23,1,"ASV507","parent",507
"ASV508",22,1,"ASV508","parent",508
"ASV509",22,1,"ASV509","parent",509
"ASV510",22,1,"ASV510","parent",510
"ASV511",22,1,"ASV511","parent",511
"ASV512",21,1,"ASV512","parent",512
"ASV513",21,1,"ASV513","parent",513
"ASV514",21,1,"ASV514","parent",514
"ASV515",21,1,"ASV515","parent",515
"ASV516",21,1,"ASV516","parent",516
"ASV517",21,1,"ASV517","parent",517
"ASV518",21,1,"ASV518","parent",518
"ASV519",21,1,"ASV519","parent",519
"ASV520",21,1,"ASV520","parent",520
"ASV521",21,1,"ASV521","parent",521
"ASV522",20,1,"ASV522","parent",522
"ASV523",20,1,"ASV523","parent",523
"ASV524",20,1,"ASV524","parent",524
"ASV525",20,1,"ASV525","parent",525
"ASV526",20,1,"ASV526","parent",526
"ASV527",20,1,"ASV527","parent",527
"ASV528",20,1,"ASV528","parent",528
"ASV529",20,1,"ASV529","parent",529
"ASV530",20,1,"ASV530","parent",530
"ASV531",20,1,"ASV2","merged",531
"ASV532",19,1,"ASV532","parent",532
"ASV533",19,1,"ASV533","parent",533
"ASV534",19,1,"ASV534","parent",534
"ASV535",19,1,"ASV535","parent",535
"ASV536",19,1,"ASV536","parent",536
"ASV537",19,1,"ASV537","parent",537
"ASV538",19,1,"ASV538","parent",538
"ASV539",18,1,"ASV539","parent",539
"ASV540",18,1,"ASV540","parent",540
"ASV541",18,1,"ASV541","parent",541
"ASV542",18,1,"ASV542","parent",542
"ASV543",18,1,"ASV543","parent",543
"ASV544",18,1,"ASV544","parent",544
"ASV545",18,1,"ASV545","parent",545
"ASV546",18,1,"ASV546","parent",546
"ASV547",18,1,"ASV547","parent",547
"ASV548",18,1,"ASV548","parent",548
"ASV549",18,1,"ASV549","parent",549
"ASV550",18,1,"ASV550","parent",550
"ASV551",18,1,"ASV7","merged",551
"ASV552",17,1,"ASV552","parent",552
"ASV553",17,1,"ASV553","parent",553
"ASV554",17,1,"ASV554","parent",554
"ASV555",17,1,"ASV555","parent",555
"ASV556",17,1,"ASV556","parent",556
"ASV557",17,1,"ASV557","parent",557
"ASV558",17,1,"ASV558","parent",558
"ASV559",17,1,"ASV559","parent",559
"ASV560",17,1,"ASV560","parent",560
"ASV561",17,1,"ASV561","parent",561
"ASV562",17,1,"ASV562","parent",562
"ASV563",17,1,"ASV563","parent",563
"ASV564",16,1,"ASV564","parent",564
"ASV565",16,1,"ASV565","parent",565
"ASV566",16,1,"ASV566","parent",566
"ASV567",16,1,"ASV567","parent",567
"ASV568",16,1,"ASV568","parent",568
"ASV569",16,1,"ASV569","parent",569
"ASV570",16,1,"ASV570","parent",570
"ASV571",16,1,"ASV571","parent",571
"ASV572",16,1,"ASV572","parent",572
"ASV573",16,1,"ASV573","parent",573
"ASV574",16,1,"ASV574","parent",574
"ASV575",16,1,"ASV575","parent",575
"ASV576",16,1,"ASV576","parent",576
"ASV577",16,1,"ASV577","parent",577
"ASV578",16,1,"ASV578","parent",578
"ASV579",15,1,"ASV579","parent",579
"ASV580",15,1,"ASV580","parent",580
"ASV581",15,1,"ASV581","parent",581
"ASV582",15,1,"ASV582","parent",582
"ASV583",15,1,"ASV583","parent",583
"ASV584",15,1,"ASV584","parent",584
"ASV585",15,1,"ASV585","parent",585
"ASV586",15,1,"ASV586","parent",586
"ASV587",15,1,"ASV587","parent",587
"ASV588",15,1,"ASV588","parent",588
"ASV589",15,1,"ASV589","parent",589
"ASV590",15,1,"ASV590","parent",590
"ASV591",15,1,"ASV591","parent",591
"ASV592",14,1,"ASV592","parent",592
"ASV593",14,1,"ASV593","parent",593
"ASV594",14,1,"ASV594","parent",594
"ASV595",14,1,"ASV595","parent",595
"ASV596",14,1,"ASV596","parent",596
"ASV597",14,1,"ASV597","parent",597
"ASV598",14,1,"ASV598","parent",598
"ASV599",14,1,"ASV599","parent",599
"ASV600",14,1,"ASV600","parent",600
"ASV601",14,1,"ASV601","parent",601
"ASV602",14,1,"ASV602","parent",602
"ASV603",13,1,"ASV603","parent",604
"ASV604",13,1,"ASV286","merged",605
"ASV605",13,1,"ASV605","parent",606
"ASV607",13,1,"ASV607","parent",607
"ASV608",13,1,"ASV608","parent",608
"ASV609",13,1,"ASV609","parent",609
"ASV610",13,1,"ASV610","parent",610
"ASV611",13,1,"ASV611","parent",611
"ASV612",13,1,"ASV612","parent",612
"ASV613",13,1,"ASV613","parent",613
"ASV614",13,1,"ASV614","parent",614
"ASV615",13,1,"ASV615","parent",615
"ASV616",12,1,"ASV616","parent",617
"ASV617",12,1,"ASV617","parent",618
"ASV618",12,1,"ASV618","parent",619
"ASV619",12,1,"ASV619","parent",620
"ASV620",12,1,"ASV620","parent",621
"ASV621",12,1,"ASV621","parent",622
"ASV622",12,1,"ASV622","parent",623
"ASV624",12,1,"ASV624","parent",624
"ASV625",11,1,"ASV625","parent",625
"ASV626",11,1,"ASV626","parent",626
"ASV627",11,1,"ASV627","parent",627
"ASV628",11,1,"ASV628","parent",628
"ASV629",11,1,"ASV629","parent",629
"ASV630",11,1,"ASV630","parent",630
"ASV631",11,1,"ASV631","parent",631
"ASV632",11,1,"ASV632","parent",632
"ASV633",11,1,"ASV633","parent",633
"ASV634",11,1,"ASV634","parent",634
"ASV635",11,1,"ASV635","parent",635
"ASV636",11,1,"ASV636","parent",636
"ASV637",11,1,"ASV637","parent",637
"ASV638",10,1,"ASV638","parent",638
"ASV639",10,1,"ASV639","parent",639
"ASV640",10,1,"ASV640","parent",640
"ASV641",10,1,"ASV641","parent",641
"ASV642",10,1,"ASV642","parent",642
"ASV643",10,1,"ASV643","parent",643
"ASV644",10,1,"ASV409","merged",644
"ASV645",10,1,"ASV645","parent",645
"ASV646",10,1,"ASV646","parent",646
"ASV647",10,1,"ASV647","parent",647
"ASV648",10,1,"ASV648","parent",648
"ASV649",10,1,"ASV649","parent",649
"ASV650",10,1,"ASV650","parent",650
"ASV651",9,1,"ASV651","parent",651
"ASV652",9,1,"ASV652","parent",652
"ASV653",9,1,"ASV653","parent",653
"ASV654",9,1,"ASV654","parent",654
"ASV655",9,1,"ASV655","parent",655
"ASV656",9,1,"ASV656","parent",656
"ASV657",9,1,"ASV657","parent",657
"ASV658",9,1,"ASV658","parent",658
"ASV659",9,1,"ASV659","parent",659
"ASV660",9,1,"ASV660","parent",660
"ASV661",9,1,"ASV661","parent",661
"ASV662",9,1,"ASV4","merged",662
"ASV663",9,1,"ASV663","parent",663
"ASV664",8,1,"ASV664","parent",665
"ASV665",8,1,"ASV665","parent",666
"ASV666",8,1,"ASV666","parent",667
"ASV667",8,1,"ASV667","parent",668
"ASV669",8,1,"ASV669","parent",669
"ASV670",8,1,"ASV670","parent",670
"ASV671",8,1,"ASV671","parent",671
"ASV672",8,1,"ASV672","parent",672
"ASV673",7,1,"ASV673","parent",673
"ASV674",7,1,"ASV674","parent",674
"ASV675",7,1,"ASV675","parent",675
"ASV676",7,1,"ASV676","parent",676
"ASV677",7,1,"ASV677","parent",677
"ASV678",7,1,"ASV678","parent",678
"ASV679",7,1,"ASV679","parent",679
"ASV680",7,1,"ASV680","parent",680
"ASV681",7,1,"ASV681","parent",681
"ASV682",6,1,"ASV682","parent",682
"ASV683",6,1,"ASV683","parent",683
"ASV684",6,1,"ASV684","parent",684
"ASV685",6,1,"ASV685","parent",685
"ASV686",6,1,"ASV686","parent",686
"ASV687",6,1,"ASV687","parent",687
"ASV688",6,1,"ASV688","parent",688
"ASV689",6,1,"ASV689","parent",689
"ASV690",5,1,"ASV690","parent",690
"ASV691",5,1,"ASV691","parent",691
"ASV692",5,1,"ASV692","parent",692
"ASV693",5,1,"ASV693","parent",693
"ASV694",5,1,"ASV694","parent",694
"ASV695",5,1,"ASV695","parent",695
"ASV696",5,1,"ASV696","parent",696
"ASV697",4,1,"ASV697","parent",697
"ASV698",4,1,"ASV698","parent",698
"ASV699",4,1,"ASV699","parent",699
"ASV700",4,1,"ASV1","merged",700
"ASV701",4,1,"ASV701","parent",701
"ASV702",4,1,"ASV702","parent",702
"ASV703",4,1,"ASV703","parent",703
"ASV704",3,1,"ASV704","parent",704
"ASV705",3,1,"ASV705","parent",705
"ASV706",3,1,"ASV706","parent",706
"ASV707",3,1,"ASV707","parent",707
"ASV708",3,1,"ASV708","parent",708
"ASV709",3,1,"ASV709","parent",709
"ASV710",3,1,"ASV710","parent",710
"ASV711",3,1,"ASV711","parent",711
"ASV712",3,1,"ASV1","merged",712
"ASV713",3,1,"ASV713","parent",713
"ASV714",3,1,"ASV714","parent",714
"ASV715",3,1,"ASV715","parent",715
"ASV716",2,1,"ASV716","parent",717
"ASV717",2,1,"ASV717","parent",718
"ASV718",2,1,"ASV718","parent",719
"ASV719",2,1,"ASV719","parent",720
"ASV720",2,1,"ASV7","merged",721
"ASV721",2,1,"ASV721","parent",722
"ASV722",2,1,"ASV722","parent",723
"ASV723",2,1,"ASV504","merged",724
"ASV724",2,1,"ASV724","parent",725
"ASV725",2,1,"ASV725","parent",726
"ASV726",2,1,"ASV726","parent",727
"ASV727",2,1,"ASV727","parent",728
"ASV728",2,1,"ASV1","merged",729
"ASV729",2,1,"ASV729","parent",730
"ASV730",2,1,"ASV730","parent",731
"ASV732",2,1,"ASV732","parent",732
"ASV733",1,1,"ASV733","parent",733
"ASV734",1,1,"ASV734","parent",734
"ASV735",1,1,"ASV735","parent",735
"ASV736",1,1,"ASV736","parent",736
"ASV737",1,1,"ASV737","parent",737
"ASV738",1,1,"ASV738","parent",738
"ASV739",1,1,"ASV739","parent",739
"ASV740",1,1,"ASV740","parent",740
"ASV741",1,1,"ASV741","parent",741
"ASV742",1,1,"ASV7","merged",742
"ASV743",1,1,"ASV86","merged",743
"ASV744",1,1,"ASV744","parent",744
"ASV745",1,1,"ASV745","parent",745
"ASV746",1,1,"ASV746","parent",746
"ASV747",1,1,"ASV747","parent",747
"ASV748",1,1,"ASV748","parent",748
"ASV749",1,1,"ASV749","parent",749
"ASV750",1,1,"ASV24","merged",750
"ASV751",1,1,"ASV24","merged",751
"ASV752",1,1,"ASV752","parent",752
"ASV753",1,1,"ASV753","parent",753
