"","input","filtered","denoisedF","denoisedR","merged","correct_length","nonchim"
"e02836",48757,47414,46309,45008,39335,26165,24786
"e02837",54477,52728,52351,51910,49918,49909,47510
"e02838",36142,34756,33942,29485,3019,1937,1937
"e02839",50204,48691,47337,46274,19329,19200,19151
"e02840",46221,45112,43837,41835,19481,19240,18977
"e02841",46642,45240,44674,41923,5909,5777,5777
"e02842",43524,42641,42389,42192,41176,39356,39329
"e02843",43060,41540,39917,39067,12159,12086,12086
"e02844",67919,66510,66175,65725,62734,62595,59457
"e02845",68869,66858,64807,63921,52029,31955,31916
"e02846",69435,66799,62103,60075,38420,22316,22120
"e02847",85743,83224,81061,79896,70152,52603,49644
"e02848",85733,82044,79591,72123,38446,4471,4471
"e02849",117718,115328,113102,110004,96431,68728,67363
"e02850",47496,46009,42678,42521,34196,25642,23875
"e02851",28008,26535,24899,25124,18461,6847,6847
"e02852",51359,50619,50102,49600,43162,43013,40377
"e02853",57209,55905,54543,54081,45421,28914,28361
"e02854",50090,48300,47058,45231,22937,22930,22520
"e02855",68063,66378,65523,64523,60503,56603,54446
"e02856",44649,43289,42844,38060,5298,5296,5296
"e02857",53136,52171,51307,51060,47001,47001,45841
"e02858",106965,104179,102049,96401,61432,61432,60796
"e02859",54132,52889,52145,51835,40874,40867,40130
"e02860",25926,24841,24079,20253,4332,2808,2808
"e02861",44321,42839,41586,40300,24534,24509,24213
"e02862",40304,38356,37023,35730,6990,6551,6551
"e02863",52552,50930,49935,49588,33738,33423,32780
"e02864",59259,58025,57339,54937,46287,46221,45584
"e02865",51731,50215,48996,46301,29039,29037,28738
"e02866",60985,59466,58503,57651,42351,41617,41505
"e02867",48017,45641,44604,41539,4153,4153,4153
"e02868",16330,15865,15685,15334,15157,15157,15073
"e02869",51681,50486,49593,48735,32733,32638,31364
"e02870",65913,63606,62703,58836,44808,9014,8990
"e02871",35941,35012,34811,34686,33761,33761,33761
"e02872",52207,51363,50864,50295,49776,49774,49079
"e02873",47332,46466,46172,45026,43901,43901,42631
"e02874",64661,63639,63416,62976,62199,62061,60264
"e02875",55429,54302,53105,52687,45639,45427,44270
"e02876",59674,58334,57272,56639,49041,43011,42389
"e02877",68326,67453,66731,66381,56728,55842,54458
"e02878",47692,46548,46154,45505,42854,42854,42343
"e02879",44134,43299,43023,42863,42491,40319,39956
"e02880",6799,6611,6540,6114,6024,6024,6024
"e02881",44371,43636,43519,42522,42226,42208,41340
"e02882",37447,36360,36077,35105,34011,32009,31954
"e02883",55618,54826,54694,54523,53177,53171,52642
"e02884",28606,28139,27865,27588,25781,25765,25515
"e02885",33118,32509,32199,31915,30339,27871,27311
"e02886",29571,28965,28891,28699,28521,28521,28400
"e02887",34669,33788,33266,32968,24020,23829,23804
"e02888",24728,24252,24013,23550,19591,19591,19591
"e02889",35541,35085,34999,34759,33355,33353,32550
"e02890",31432,30862,30674,30489,27735,27662,27662
"e02891",34360,33493,32747,32539,20197,19995,19995
"e02892",33807,33072,32558,31918,23470,23470,23008
"e02893",44037,42940,41321,40609,11536,10505,10505
"e02894",39651,38546,37590,37236,24928,24928,24814
"e02895",41880,40548,40170,39852,37654,37654,36085
"e02896",63111,61884,61524,60513,54504,54504,54504
"e02897",42778,42021,41710,41461,39788,39788,35894
"e02898",54619,53144,52880,52604,51758,51758,49244
"e02899",40973,40332,40125,39856,39009,39009,35139
"e02900",36965,36289,36015,35681,33185,33173,29681
"e02901",73305,71559,69181,67027,22074,22070,21536
"e02902",68191,66136,64250,62752,26354,25930,25605
"e02903",52347,51242,50626,50124,40935,40930,40465
"e02904",38456,37013,35854,21170,13688,13677,13620
"e02905",39324,38712,38454,38046,37063,37063,33721
"e02906",70445,68453,66880,65095,40370,40366,37988
"e02907",54464,52691,52105,48454,6038,4822,4822
"e02908",22401,21158,20601,18324,11715,2583,2583
"e02909",31785,30912,29679,28862,11116,10537,10316
"e02910",33263,32288,31673,31291,27766,22457,21894
"e02911",28765,27973,27679,27285,24093,24093,23536
"e02912",11655,10797,10546,2147,1476,1476,1476
"e02913",30062,29031,28640,26235,2856,2856,2856
"e02914",29747,28694,28235,25498,3568,3566,3566
"e02915",33601,32038,31407,31515,20857,393,393
"e02916",37129,36170,35844,33169,32815,32753,32379
"e02917",45939,44990,44385,43642,38324,37679,37679
"e02918",57386,56201,55886,55698,55280,55184,55184
"e02919",59272,58191,57620,57129,53073,53060,49763
"e02920",45023,43651,42520,41291,25035,25012,25012
"e02921",94258,92189,90161,86921,48435,48435,48408
"e02922",51107,50243,50021,49925,49588,49588,49580
"e02923",71114,69748,69435,68916,67905,67307,63809
"e02924",1424,1094,924,769,647,647,647
"e02925",269,217,112,98,27,27,27
"e02926",46355,45438,45102,44874,42265,42241,41912
"e02927",53130,52339,52192,52080,51732,51732,51732
"e02928",69941,68584,67681,66626,52002,52002,51991
"e02929",47704,47341,47286,47134,47044,47041,46921
"e02930",6003,5693,5537,5034,3761,315,315
"e02931",37011,36469,36381,36333,36114,36114,36114
"e02932",33271,32825,32738,32461,32303,32303,32014
"e02933",34842,34337,34020,33700,32560,30477,28353
"e02934",39661,39315,39207,38504,38388,38388,38388
"e02935",546,432,337,330,233,233,233
"e02936",41438,40989,40929,40912,40805,40805,40797
"e02937",34056,33553,33407,33369,32718,32718,32313
"e02938",44364,43879,43783,43728,43550,43134,43134
"e02939",41394,40879,40767,40645,40381,40314,39324
"e02940",51127,50503,50371,50129,50040,50040,50040
"e02941",36083,35248,34599,34161,24720,24720,24454
"e02942",59035,58364,58080,56705,56284,56284,53725
"e02943",48420,47890,47766,47368,47187,47187,46785
"e02944",36286,35585,34909,34708,31572,23074,22843
"e02945",18981,18383,18239,18096,17677,17677,16907
"e02946",43965,43346,43082,42685,38911,38911,36600
"e02947",62174,61486,61325,61231,59773,59773,59768
"e02948",92331,91198,91066,91035,90442,90442,90198
"e02949",43256,41291,40678,37234,4675,4496,4496
"e02950",75209,73329,72399,70446,69229,52014,51834
"e02951",48683,48054,47846,47412,47004,47004,46617
"e02952",61972,61055,60879,60583,60315,60315,60315
"e02953",43426,42899,42803,42787,42682,42621,42621
"e02954",38511,37954,37664,36122,35950,35933,35933
"e02955",34445,33495,33000,32204,26367,26367,25758
"e02956",36874,36135,35820,35462,34851,34851,31519
"e02957",44544,43931,43683,43374,42654,42654,38148
"e02958",56436,55776,55612,53887,53674,53674,53674
"e02959",28693,27837,27109,25164,11892,11892,11789
"e02960",45509,44928,44817,44780,44325,44325,44325
"e02961",34044,33396,33201,32936,32671,32671,31974
"e02962",43983,43121,42032,39630,21117,20400,19870
"e02963",55899,55359,55202,54804,54221,54219,50220
"e02964",84066,83112,82938,82866,82082,82082,81887
"e02965",57103,56258,55728,55373,49746,49746,47428
"e02966",41299,40123,39812,34154,4038,4038,4025
"e02967",35801,34634,34387,28967,908,908,899
"e02968",39986,39034,38754,38742,3712,2827,2791
"e02969",34214,33371,32631,31902,13570,13570,13492
"e02970",20083,19594,19495,19224,18982,18982,18450
"e02971",27417,27047,26780,26462,20041,19949,19376
"e02972",38056,36925,36079,34410,19850,19802,19580
"e02973",40745,40025,39093,37931,19754,18614,17931
"e02974",2442,2363,2308,1771,1727,1727,1727
"e05187",16428,16065,16058,15954,15747,15747,15648
"e05188",16717,16482,16464,16380,16199,16199,16199
"e05189",10764,10535,10531,10365,10263,10263,10263
"e05190",17894,17545,17542,17401,17269,17269,16849
"e05191",19288,19148,19142,19129,19093,19093,19093
"e05192",226,208,208,197,184,184,178
"e05193",19547,19223,19219,19118,19005,19005,18571
"e05194",13960,13615,13601,13466,13328,13328,13043
"e05195",20653,20451,20399,20108,19181,19181,17744
"e05196",21782,21493,21471,21162,20701,20701,19510
"e05197",18134,17862,17854,17588,17207,17207,16657
"e05198",14569,14228,14217,14072,14005,14005,13937
"e05199",18914,18742,18732,18710,18621,18621,18589
"e05200",16012,15874,15872,15845,15794,15794,15681
"e05201",18608,18287,18279,18117,17963,17963,17450
"e05202",8493,8314,8307,8190,7895,7895,7623
"e05203",18438,18315,18154,18069,17515,17515,16858
"e05204",18485,18140,18107,17704,17133,17133,16967
"e05205",15107,14788,14785,14628,14534,14534,14534
"e05206",15798,15421,15418,15304,15199,15199,15197
"e05207",23266,23099,23072,22862,22507,22507,21136
"e05208",14793,14549,14543,14401,14194,14194,13965
"e05209",21038,20787,20766,20509,20112,20112,19765
"e05210",18023,17719,17710,17509,17271,17271,16493
"e05211",17152,16976,16970,16776,16634,16634,16533
"e05212",19647,19238,19234,19077,18862,18862,18377
"e05213",22278,21761,21742,21480,21286,21286,21286
"e05214",19590,19196,19190,19066,18995,18995,18995
"e05215",29637,29394,29196,29029,28382,28382,25646
"e05216",24575,24348,24336,24178,23935,23935,22409
"e05217",29382,28935,28924,28695,28386,28386,27195
"e05218",13005,12741,12734,12604,12473,12473,12421
"e05219",20184,19976,19966,19932,19853,19853,19853
"e05220",22350,21951,21941,21781,21681,21681,21681
"e05221",24168,23932,23923,23865,23764,23764,23763
"e05222",17613,17275,17268,17144,16981,16981,16712
"e05223",31272,31053,30987,30760,30309,30309,28452
"e05224",20265,20007,19945,19724,19483,19483,12104
"e05225",20047,19727,19719,19622,19493,19493,19150
"e05226",15124,14852,14839,14708,14550,14550,14095
"e05227",20290,20054,20037,19739,19328,19328,18018
"e05228",17904,17599,17595,17484,17418,17418,17418
"e05229",29854,29520,29462,29148,28554,28554,27737
"e05230",23962,23552,23518,23350,23117,22954,22342
"e05231",5223,5163,5161,5136,5083,5083,5083
"e05232",26008,25644,25637,25469,25182,25182,24000
"e05233",22471,22117,22088,21779,21223,21223,20152
"e05234",19489,19312,19310,19204,19157,19157,19157
"e05235",20151,20011,19837,19800,19341,19341,18682
"e05236",20300,19971,19952,19664,19120,19120,18852
"e05237",23627,23127,23113,22876,22637,22637,22549
"e05238",19025,18784,18773,18606,18441,18441,18378
"e05239",27324,27075,27071,27039,26972,26972,26964
"e05240",29293,29073,29027,28854,28414,28414,26157
"e05241",23548,23332,23315,23178,22836,22836,20914
"e05242",18401,18243,18237,18209,18141,18141,18132
"e05243",22665,22458,22444,22204,21807,21807,20226
"e05244",12710,12403,12390,12286,12061,12061,11886
"e05245",18316,18026,17706,17551,16886,16886,15576
"e05246",10388,10103,10090,9932,9825,9825,9825
"e05247",23560,23358,23357,23323,23246,23246,23246
"e05248",26889,26675,26632,26397,25960,25960,23791
"e05249",31308,30931,30904,30545,30018,30018,27963
"e05250",20502,20297,20285,20229,20135,20135,20135
"e05251",924,841,839,742,670,670,670
"e05252",20957,20595,20552,20378,19860,19860,19152
"e05253",26748,26137,26093,25545,24754,24751,24545
"e05254",22941,22473,22443,22167,21699,21699,20174
"e05255",21113,20374,20370,19725,18990,18990,18536
"e05256",31960,31598,31585,31431,31063,31063,30326
"e05257",26551,26097,26081,25867,25636,25636,24522
"e05258",16711,16424,16419,16270,16111,16111,15520
"e05259",18850,18723,18503,18434,17881,17881,17352
"e05260",19477,19141,19127,18914,18583,18583,16295
"e05261",27503,26947,26581,26137,25462,25462,25123
"e05262",19875,19484,19474,19324,19230,19230,19137
"e05263",24665,24386,24381,24320,24204,24204,24204
"e05264",26441,26209,26207,26149,26047,26047,25932
"e05265",23962,23669,23663,23615,23522,23522,23522
"e05266",19614,19392,19388,19335,19241,19241,19241
"e05267",17694,17502,17490,17438,17320,17320,17320
"e05268",19388,18934,18931,18716,18519,18519,18519
"e05269",23427,23140,23034,22555,21881,21881,21675
"e05270",16748,16420,16411,16264,16199,16199,16199
"e05271",22392,22172,22168,22116,22072,22072,22072
"e05272",29116,28850,28784,28409,27792,27792,25354
"e05273",16484,16173,16167,16044,15933,15933,15788
"e05274",16395,16080,16075,15932,15794,15794,15257
"e05275",19513,19211,19195,19053,18863,18863,18863
"e05276",17659,17363,17356,17135,16783,16781,15374
"e05277",18368,17893,17882,17556,17246,17246,17137
"e05278",11633,11347,11302,10989,10779,10779,10779
"e05279",20188,19995,19990,19851,19651,19651,19544
"e05280",21996,21841,21836,21748,21605,21605,20861
"e05281",1282,1157,991,1000,853,254,254
"e05282",442,400,385,351,234,234,234
"e05283",14354,14045,14043,13982,13937,13937,13864
"e05284",20421,20203,20190,20070,19978,19978,19962
"e05285",15370,15205,15202,15157,15103,15099,15099
"e05286",25749,25330,25316,25135,24904,24904,22694
"e05287",21452,21286,21263,21106,20768,20768,20408
"e05288",20739,20279,20236,19959,19584,19584,19427
"e05289",18746,18582,18567,18479,18323,18323,18217
"e05290",461,412,407,361,335,335,335
"e05291",18633,18472,18470,18441,18400,18400,18400
"e05292",19772,19576,19568,19541,19495,19495,19495
"e05293",18378,18198,18193,18150,18116,18116,18116
"e05294",19722,19569,19552,19282,18848,18848,18052
"e05295",19071,18630,18626,18535,18461,18461,18461
"e05296",26362,25830,25820,25607,25380,25353,24492
"e05297",20640,20469,20466,20438,20400,20400,20400
"e05298",23707,23524,23518,23315,23037,23037,20923
"e05299",27973,27708,27698,27632,27486,27486,27200
"e05300",19018,18616,18613,18469,18369,18369,18369
"e05301",21412,21267,21249,21144,21055,21055,20886
"e05302",29790,29179,29167,28965,28872,28872,28872
"e05303",18600,18284,18282,18147,17996,17996,17251
"e05304",20588,20389,20382,20282,20195,20195,19989
"e05305",32709,32228,32020,31912,31181,31181,27798
"e05306",20683,20496,20490,20428,20383,20383,20383
"e05307",11188,11034,11028,10959,10868,10868,10868
"e05308",21847,21632,21613,21372,20981,20981,18432
"e05309",19242,18812,18807,18682,18603,18603,18603
"e05310",20101,19917,19902,19763,19560,19560,19414
"e05311",40375,40014,39973,39557,38840,38840,36728
"e05312",548,505,503,455,405,405,405
"e05313",28206,27728,27722,27412,26358,26358,25827
"e05314",28277,28020,28017,27984,27901,27901,27883
"e05315",18888,18717,18716,18695,18646,18646,18646
"e05316",22560,22294,22278,22025,21598,21598,18820
"e05317",28104,27799,27797,27717,27595,27595,27595
"e05318",16300,15825,15818,15627,15494,15494,15494
"e05319",23482,23279,23216,23079,22677,22668,20657
"e05320",20381,19871,19861,19561,19217,19217,19109
"NC-27",30027,28360,27573,27634,19778,1210,1167
"PC-27",21665,21042,20742,20627,19986,19986,19907
"PC-28",25705,25439,25371,25361,25287,25287,25287
"PC-29",14511,13981,13708,13643,843,657,657
"PnkHerNC",192,180,180,169,167,167,167
"PnkHerPC",16338,15949,15906,15867,15723,15723,15723
